symbol,side,threshold,variant,horizon,recorded,missing_exits,gap_qualified_n,gap_qualified_mean,n,mean,median,win_rate,pf
BTCUSDT,long,50,full,15,10,0,10,-0.1357069454208403,10,-0.1357069454208403,-0.12543120113602468,0.0,0.0
BTCUSDT,long,50,full,30,10,0,10,-0.0848009032280449,10,-0.0848009032280449,-0.1090787420817162,0.2,0.19677598213149353
BTCUSDT,long,50,full,60,10,0,10,-0.003836654811268825,10,-0.003836654811268825,-0.030499905493532764,0.5,0.9678082194690502
BTCUSDT,long,50,full,240,10,1,8,0.14878264349248776,9,0.10954652418589117,-0.14569569528164672,0.2222222222222222,1.266947482771394
BTCUSDT,long,50,no_delta,15,0,0,0,,0,,,,
BTCUSDT,long,50,no_delta,30,0,0,0,,0,,,,
BTCUSDT,long,50,no_delta,60,0,0,0,,0,,,,
BTCUSDT,long,50,no_delta,240,0,0,0,,0,,,,
BTCUSDT,long,50,no_oi,15,9,0,9,-0.20127056089530054,9,-0.20127056089530054,-0.1488200977138442,0.0,0.0
BTCUSDT,long,50,no_oi,30,9,0,9,-0.15399138961953282,9,-0.15399138961953282,-0.19402470542745565,0.1111111111111111,0.12954188979446912
BTCUSDT,long,50,no_oi,60,9,0,9,-0.040676493229669076,9,-0.040676493229669076,-0.10313503665359203,0.3333333333333333,0.577743756798014
BTCUSDT,long,50,no_oi,240,9,1,7,-0.07960267321081707,8,-0.09772312819660367,-0.18072457927857044,0.25,0.7829694137426488
BTCUSDT,long,50,no_delta_oi,15,0,0,0,,0,,,,
BTCUSDT,long,50,no_delta_oi,30,0,0,0,,0,,,,
BTCUSDT,long,50,no_delta_oi,60,0,0,0,,0,,,,
BTCUSDT,long,50,no_delta_oi,240,0,0,0,,0,,,,
BTCUSDT,long,60,full,15,8,0,8,-0.2180516804118342,8,-0.2180516804118342,-0.1840638786721881,0.0,0.0
BTCUSDT,long,60,full,30,8,0,8,-0.151682812154607,8,-0.151682812154607,-0.19968119494912162,0.125,0.1899323181900981
BTCUSDT,long,60,full,60,8,0,8,-0.11144200693230732,8,-0.11144200693230732,-0.13183104423034264,0.125,0.1359135820456962
BTCUSDT,long,60,full,240,8,1,6,-0.13856488396372132,7,-0.15085080241134824,-0.22456631309710973,0.2857142857142857,0.7275908493543795
BTCUSDT,long,60,no_delta,15,0,0,0,,0,,,,
BTCUSDT,long,60,no_delta,30,0,0,0,,0,,,,
BTCUSDT,long,60,no_delta,60,0,0,0,,0,,,,
BTCUSDT,long,60,no_delta,240,0,0,0,,0,,,,
BTCUSDT,long,60,no_oi,15,6,0,6,-0.2522657245118431,6,-0.2522657245118431,-0.2109233972023471,0.0,0.0
BTCUSDT,long,60,no_oi,30,6,0,6,-0.1671506388150689,6,-0.1671506388150689,-0.20862911483490942,0.16666666666666666,0.220995962416459
BTCUSDT,long,60,no_oi,60,6,0,6,-0.12818110516077794,6,-0.12818110516077794,-0.1625810363727186,0.16666666666666666,0.1542158078292248
BTCUSDT,long,60,no_oi,240,6,1,4,0.5439602163818924,5,0.39025491048609195,-0.056057780741993635,0.4,3.4085424829679094
BTCUSDT,long,60,no_delta_oi,15,0,0,0,,0,,,,
BTCUSDT,long,60,no_delta_oi,30,0,0,0,,0,,,,
BTCUSDT,long,60,no_delta_oi,60,0,0,0,,0,,,,
BTCUSDT,long,60,no_delta_oi,240,0,0,0,,0,,,,
BTCUSDT,long,70,full,15,4,0,4,-0.1933522016005378,4,-0.1933522016005378,-0.14858928195301202,0.0,0.0
BTCUSDT,long,70,full,30,4,0,4,-0.06814882845163284,4,-0.06814882845163284,-0.16693798657347536,0.25,0.510697062096504
BTCUSDT,long,70,full,60,4,0,4,-0.08251046616068669,4,-0.08251046616068669,-0.11242174052327403,0.25,0.35776550573774074
BTCUSDT,long,70,full,240,4,1,3,0.7669868376754333,3,0.7669868376754333,-0.056057780741993635,0.3333333333333333,5.234130273021462
BTCUSDT,long,70,no_delta,15,0,0,0,,0,,,,
BTCUSDT,long,70,no_delta,30,0,0,0,,0,,,,
BTCUSDT,long,70,no_delta,60,0,0,0,,0,,,,
BTCUSDT,long,70,no_delta,240,0,0,0,,0,,,,
BTCUSDT,long,70,no_oi,15,4,0,4,-0.185425603597008,4,-0.185425603597008,-0.13567972303805342,0.0,0.0
BTCUSDT,long,70,no_oi,30,4,0,4,-0.0993504669180294,4,-0.0993504669180294,-0.16693798657347536,0.25,0.2784163226302398
BTCUSDT,long,70,no_oi,60,4,0,4,-0.09580974080323146,4,-0.09580974080323146,-0.13638543807215842,0.25,0.32420473716859155
BTCUSDT,long,70,no_oi,240,4,1,3,0.7576029421822242,3,0.7576029421822242,-0.08420946722162082,0.3333333333333333,4.976338314807423
BTCUSDT,long,70,no_delta_oi,15,0,0,0,,0,,,,
BTCUSDT,long,70,no_delta_oi,30,0,0,0,,0,,,,
BTCUSDT,long,70,no_delta_oi,60,0,0,0,,0,,,,
BTCUSDT,long,70,no_delta_oi,240,0,0,0,,0,,,,
BTCUSDT,long,80,full,15,4,0,4,-0.1860819647575167,4,-0.1860819647575167,-0.13699244535907085,0.0,0.0
BTCUSDT,long,80,full,30,4,0,4,-0.0984112761827215,4,-0.0984112761827215,-0.16505960510285955,0.25,0.28032854285630004
BTCUSDT,long,80,full,60,4,0,4,-0.09965530690275937,4,-0.09965530690275937,-0.14407657027121423,0.25,0.31564299943594226
BTCUSDT,long,80,full,240,4,1,3,0.7488140161247044,3,0.7488140161247044,-0.08420946722162082,0.3333333333333333,4.75690528951717
BTCUSDT,long,80,no_delta,15,0,0,0,,0,,,,
BTCUSDT,long,80,no_delta,30,0,0,0,,0,,,,
BTCUSDT,long,80,no_delta,60,0,0,0,,0,,,,
BTCUSDT,long,80,no_delta,240,0,0,0,,0,,,,
BTCUSDT,long,80,no_oi,15,4,0,4,-0.1860819647575167,4,-0.1860819647575167,-0.13699244535907085,0.0,0.0
BTCUSDT,long,80,no_oi,30,4,0,4,-0.0984112761827215,4,-0.0984112761827215,-0.16505960510285955,0.25,0.28032854285630004
BTCUSDT,long,80,no_oi,60,4,0,4,-0.09965530690275937,4,-0.09965530690275937,-0.14407657027121423,0.25,0.31564299943594226
BTCUSDT,long,80,no_oi,240,4,1,3,0.7488140161247044,3,0.7488140161247044,-0.08420946722162082,0.3333333333333333,4.75690528951717
BTCUSDT,long,80,no_delta_oi,15,0,0,0,,0,,,,
BTCUSDT,long,80,no_delta_oi,30,0,0,0,,0,,,,
BTCUSDT,long,80,no_delta_oi,60,0,0,0,,0,,,,
BTCUSDT,long,80,no_delta_oi,240,0,0,0,,0,,,,
BTCUSDT,long,90,full,15,0,0,0,,0,,,,
BTCUSDT,long,90,full,30,0,0,0,,0,,,,
BTCUSDT,long,90,full,60,0,0,0,,0,,,,
BTCUSDT,long,90,full,240,0,0,0,,0,,,,
BTCUSDT,long,90,no_delta,15,0,0,0,,0,,,,
BTCUSDT,long,90,no_delta,30,0,0,0,,0,,,,
BTCUSDT,long,90,no_delta,60,0,0,0,,0,,,,
BTCUSDT,long,90,no_delta,240,0,0,0,,0,,,,
BTCUSDT,long,90,no_oi,15,0,0,0,,0,,,,
BTCUSDT,long,90,no_oi,30,0,0,0,,0,,,,
BTCUSDT,long,90,no_oi,60,0,0,0,,0,,,,
BTCUSDT,long,90,no_oi,240,0,0,0,,0,,,,
BTCUSDT,long,90,no_delta_oi,15,0,0,0,,0,,,,
BTCUSDT,long,90,no_delta_oi,30,0,0,0,,0,,,,
BTCUSDT,long,90,no_delta_oi,60,0,0,0,,0,,,,
BTCUSDT,long,90,no_delta_oi,240,0,0,0,,0,,,,
BTCUSDT,short,50,full,15,6,0,6,-0.17985900231616123,6,-0.17985900231616123,-0.18133221558354273,0.16666666666666666,0.04466770562022636
BTCUSDT,short,50,full,30,6,0,6,-0.15390029435432948,6,-0.15390029435432948,-0.17102446211467381,0.3333333333333333,0.24882839146167623
BTCUSDT,short,50,full,60,6,0,6,-0.09327658071833618,6,-0.09327658071833618,0.033470863492349845,0.5,0.4502277749235072
BTCUSDT,short,50,full,240,6,0,6,-0.6314093899734144,6,-0.6314093899734144,-0.14311375942294358,0.16666666666666666,0.004593557160705017
BTCUSDT,short,50,no_delta,15,0,0,0,,0,,,,
BTCUSDT,short,50,no_delta,30,0,0,0,,0,,,,
BTCUSDT,short,50,no_delta,60,0,0,0,,0,,,,
BTCUSDT,short,50,no_delta,240,0,0,0,,0,,,,
BTCUSDT,short,50,no_oi,15,6,0,6,-0.15483939455994158,6,-0.15483939455994158,-0.13511921927774828,0.16666666666666666,0.05151349970092743
BTCUSDT,short,50,no_oi,30,6,0,6,-0.1264708493155504,6,-0.1264708493155504,-0.1449479976194733,0.3333333333333333,0.2872910021996338
BTCUSDT,short,50,no_oi,60,6,0,6,-0.09760497118687121,6,-0.09760497118687121,-0.05086492685047117,0.5,0.3904642720197251
BTCUSDT,short,50,no_oi,240,6,0,6,-0.6855211767321311,6,-0.6855211767321311,-0.17905661891512092,0.0,0.0
BTCUSDT,short,50,no_delta_oi,15,0,0,0,,0,,,,
BTCUSDT,short,50,no_delta_oi,30,0,0,0,,0,,,,
BTCUSDT,short,50,no_delta_oi,60,0,0,0,,0,,,,
BTCUSDT,short,50,no_delta_oi,240,0,0,0,,0,,,,
BTCUSDT,short,60,full,15,2,0,2,-0.07410424556105955,2,-0.07410424556105955,-0.07410424556105955,0.5,0.25398021053749864
BTCUSDT,short,60,full,30,2,0,2,0.15294013613287094,2,0.15294013613287094,0.15294013613287094,1.0,
BTCUSDT,short,60,full,60,2,0,2,0.17730880031015317,2,0.17730880031015317,0.17730880031015317,1.0,
BTCUSDT,short,60,full,240,2,0,2,-0.2239834513299087,2,-0.2239834513299087,-0.2239834513299087,0.0,0.0
BTCUSDT,short,60,no_delta,15,0,0,0,,0,,,,
BTCUSDT,short,60,no_delta,30,0,0,0,,0,,,,
BTCUSDT,short,60,no_delta,60,0,0,0,,0,,,,
BTCUSDT,short,60,no_delta,240,0,0,0,,0,,,,
BTCUSDT,short,60,no_oi,15,2,0,2,-0.2207515630900735,2,-0.2207515630900735,-0.2207515630900735,0.0,0.0
BTCUSDT,short,60,no_oi,30,2,0,2,-0.017011587194134425,2,-0.017011587194134425,-0.017011587194134425,0.5,0.8363625087999808
BTCUSDT,short,60,no_oi,60,2,0,2,0.09270725765570875,2,0.09270725765570875,0.09270725765570875,1.0,
BTCUSDT,short,60,no_oi,240,2,0,2,-0.36985284976291044,2,-0.36985284976291044,-0.36985284976291044,0.0,0.0
BTCUSDT,short,60,no_delta_oi,15,0,0,0,,0,,,,
BTCUSDT,short,60,no_delta_oi,30,0,0,0,,0,,,,
BTCUSDT,short,60,no_delta_oi,60,0,0,0,,0,,,,
BTCUSDT,short,60,no_delta_oi,240,0,0,0,,0,,,,
BTCUSDT,short,70,full,15,1,0,1,-0.4740785590409934,1,-0.4740785590409934,-0.4740785590409934,0.0,0.0
BTCUSDT,short,70,full,30,1,0,1,-0.7580513382217234,1,-0.7580513382217234,-0.7580513382217234,0.0,0.0
BTCUSDT,short,70,full,60,1,0,1,-0.7008764616991757,1,-0.7008764616991757,-0.7008764616991757,0.0,0.0
BTCUSDT,short,70,full,240,1,0,1,-1.001076256833091,1,-1.001076256833091,-1.001076256833091,0.0,0.0
BTCUSDT,short,70,no_delta,15,0,0,0,,0,,,,
BTCUSDT,short,70,no_delta,30,0,0,0,,0,,,,
BTCUSDT,short,70,no_delta,60,0,0,0,,0,,,,
BTCUSDT,short,70,no_delta,240,0,0,0,,0,,,,
BTCUSDT,short,70,no_oi,15,0,0,0,,0,,,,
BTCUSDT,short,70,no_oi,30,0,0,0,,0,,,,
BTCUSDT,short,70,no_oi,60,0,0,0,,0,,,,
BTCUSDT,short,70,no_oi,240,0,0,0,,0,,,,
BTCUSDT,short,70,no_delta_oi,15,0,0,0,,0,,,,
BTCUSDT,short,70,no_delta_oi,30,0,0,0,,0,,,,
BTCUSDT,short,70,no_delta_oi,60,0,0,0,,0,,,,
BTCUSDT,short,70,no_delta_oi,240,0,0,0,,0,,,,
BTCUSDT,short,80,full,15,0,0,0,,0,,,,
BTCUSDT,short,80,full,30,0,0,0,,0,,,,
BTCUSDT,short,80,full,60,0,0,0,,0,,,,
BTCUSDT,short,80,full,240,0,0,0,,0,,,,
BTCUSDT,short,80,no_delta,15,0,0,0,,0,,,,
BTCUSDT,short,80,no_delta,30,0,0,0,,0,,,,
BTCUSDT,short,80,no_delta,60,0,0,0,,0,,,,
BTCUSDT,short,80,no_delta,240,0,0,0,,0,,,,
BTCUSDT,short,80,no_oi,15,0,0,0,,0,,,,
BTCUSDT,short,80,no_oi,30,0,0,0,,0,,,,
BTCUSDT,short,80,no_oi,60,0,0,0,,0,,,,
BTCUSDT,short,80,no_oi,240,0,0,0,,0,,,,
BTCUSDT,short,80,no_delta_oi,15,0,0,0,,0,,,,
BTCUSDT,short,80,no_delta_oi,30,0,0,0,,0,,,,
BTCUSDT,short,80,no_delta_oi,60,0,0,0,,0,,,,
BTCUSDT,short,80,no_delta_oi,240,0,0,0,,0,,,,
BTCUSDT,short,90,full,15,0,0,0,,0,,,,
BTCUSDT,short,90,full,30,0,0,0,,0,,,,
BTCUSDT,short,90,full,60,0,0,0,,0,,,,
BTCUSDT,short,90,full,240,0,0,0,,0,,,,
BTCUSDT,short,90,no_delta,15,0,0,0,,0,,,,
BTCUSDT,short,90,no_delta,30,0,0,0,,0,,,,
BTCUSDT,short,90,no_delta,60,0,0,0,,0,,,,
BTCUSDT,short,90,no_delta,240,0,0,0,,0,,,,
BTCUSDT,short,90,no_oi,15,0,0,0,,0,,,,
BTCUSDT,short,90,no_oi,30,0,0,0,,0,,,,
BTCUSDT,short,90,no_oi,60,0,0,0,,0,,,,
BTCUSDT,short,90,no_oi,240,0,0,0,,0,,,,
BTCUSDT,short,90,no_delta_oi,15,0,0,0,,0,,,,
BTCUSDT,short,90,no_delta_oi,30,0,0,0,,0,,,,
BTCUSDT,short,90,no_delta_oi,60,0,0,0,,0,,,,
BTCUSDT,short,90,no_delta_oi,240,0,0,0,,0,,,,
ETHUSDT,long,50,full,15,13,0,13,-0.11533109649473287,13,-0.11533109649473287,-0.11640194295080775,0.15384615384615385,0.13115611819658093
ETHUSDT,long,50,full,30,13,0,13,-0.12627941020850272,13,-0.12627941020850272,-0.09321446418934165,0.23076923076923078,0.2162680637919638
ETHUSDT,long,50,full,60,13,0,13,-0.14033706421402492,13,-0.14033706421402492,-0.15877905930796954,0.38461538461538464,0.4609054797967653
ETHUSDT,long,50,full,240,13,0,13,0.018120616793970257,13,0.018120616793970257,-0.1554484225451923,0.46153846153846156,1.0416190973118773
ETHUSDT,long,50,no_delta,15,0,0,0,,0,,,,
ETHUSDT,long,50,no_delta,30,0,0,0,,0,,,,
ETHUSDT,long,50,no_delta,60,0,0,0,,0,,,,
ETHUSDT,long,50,no_delta,240,0,0,0,,0,,,,
ETHUSDT,long,50,no_oi,15,12,0,12,-0.09203596242380623,12,-0.09203596242380623,-0.11329142943556014,0.3333333333333333,0.4037565841162693
ETHUSDT,long,50,no_oi,30,12,0,12,-0.10808671153888993,12,-0.10808671153888993,-0.22831195315068598,0.3333333333333333,0.5147446564911065
ETHUSDT,long,50,no_oi,60,12,0,12,0.013356372308054032,12,0.013356372308054032,-0.22201223074749465,0.3333333333333333,1.050427806015383
ETHUSDT,long,50,no_oi,240,12,0,12,-0.05529447603566137,12,-0.05529447603566137,-0.23637811649471974,0.4166666666666667,0.8753650686886706
ETHUSDT,long,50,no_delta_oi,15,0,0,0,,0,,,,
ETHUSDT,long,50,no_delta_oi,30,0,0,0,,0,,,,
ETHUSDT,long,50,no_delta_oi,60,0,0,0,,0,,,,
ETHUSDT,long,50,no_delta_oi,240,0,0,0,,0,,,,
ETHUSDT,long,60,full,15,8,0,8,-0.03412276277210902,8,-0.03412276277210902,-0.032135405674618034,0.5,0.7464545513464144
ETHUSDT,long,60,full,30,8,0,8,-0.07709118504217949,8,-0.07709118504217949,-0.2890973160000331,0.375,0.6781624132090233
ETHUSDT,long,60,full,60,8,0,8,0.09334370329828959,8,0.09334370329828959,-0.24450318412977057,0.375,1.3767441121331756
ETHUSDT,long,60,full,240,8,0,7,0.019805201184333408,8,0.06624858359145147,0.24467015300302164,0.625,1.1478551878278425
ETHUSDT,long,60,no_delta,15,0,0,0,,0,,,,
ETHUSDT,long,60,no_delta,30,0,0,0,,0,,,,
ETHUSDT,long,60,no_delta,60,0,0,0,,0,,,,
ETHUSDT,long,60,no_delta,240,0,0,0,,0,,,,
ETHUSDT,long,60,no_oi,15,4,0,4,0.19577108601876514,4,0.19577108601876514,0.15242615980763718,0.5,4.4131769478455025
ETHUSDT,long,60,no_oi,30,4,0,4,0.2637211645669219,4,0.2637211645669219,0.019468477875809298,0.5,2.8163481220253272
ETHUSDT,long,60,no_oi,60,4,0,4,0.18265649155284955,4,0.18265649155284955,-0.05398970304394057,0.5,1.8980555841631288
ETHUSDT,long,60,no_oi,240,4,0,3,0.7229307849210734,4,0.6400361538011246,0.3763427647448504,1.0,
ETHUSDT,long,60,no_delta_oi,15,0,0,0,,0,,,,
ETHUSDT,long,60,no_delta_oi,30,0,0,0,,0,,,,
ETHUSDT,long,60,no_delta_oi,60,0,0,0,,0,,,,
ETHUSDT,long,60,no_delta_oi,240,0,0,0,,0,,,,
ETHUSDT,long,70,full,15,4,0,4,0.19577108601876514,4,0.19577108601876514,0.15242615980763718,0.5,4.4131769478455025
ETHUSDT,long,70,full,30,4,0,4,0.2637211645669219,4,0.2637211645669219,0.019468477875809298,0.5,2.8163481220253272
ETHUSDT,long,70,full,60,4,0,4,0.18265649155284955,4,0.18265649155284955,-0.05398970304394057,0.5,1.8980555841631288
ETHUSDT,long,70,full,240,4,0,3,0.7229307849210734,4,0.6400361538011246,0.3763427647448504,1.0,
ETHUSDT,long,70,no_delta,15,0,0,0,,0,,,,
ETHUSDT,long,70,no_delta,30,0,0,0,,0,,,,
ETHUSDT,long,70,no_delta,60,0,0,0,,0,,,,
ETHUSDT,long,70,no_delta,240,0,0,0,,0,,,,
ETHUSDT,long,70,no_oi,15,3,0,3,0.2556782464970095,3,0.2556782464970095,0.34088485086310805,0.6666666666666666,10.822337071712848
ETHUSDT,long,70,no_oi,30,3,0,3,0.05570873167138679,3,0.05570873167138679,0.21156525260300552,0.6666666666666666,1.5715158437262462
ETHUSDT,long,70,no_oi,60,3,0,3,-0.059173081983638055,3,-0.059173081983638055,-0.10676946392273112,0.3333333333333333,0.5923941271581543
ETHUSDT,long,70,no_oi,240,3,1,2,0.412373865803748,2,0.412373865803748,0.412373865803748,1.0,
ETHUSDT,long,70,no_delta_oi,15,0,0,0,,0,,,,
ETHUSDT,long,70,no_delta_oi,30,0,0,0,,0,,,,
ETHUSDT,long,70,no_delta_oi,60,0,0,0,,0,,,,
ETHUSDT,long,70,no_delta_oi,240,0,0,0,,0,,,,
ETHUSDT,long,80,full,15,3,0,3,0.2203479884731997,3,0.2203479884731997,0.3406910365548389,0.6666666666666666,9.465062028196362
ETHUSDT,long,80,full,30,3,0,3,-0.018221668052208,3,-0.018221668052208,0.11635453179771116,0.6666666666666666,0.8130639187338368
ETHUSDT,long,80,full,60,3,0,3,-0.17242015893137294,3,-0.17242015893137294,-0.32874743555970853,0.3333333333333333,0.2532835536589195
ETHUSDT,long,80,full,240,3,1,2,0.4389378703685477,2,0.4389378703685477,0.4389378703685477,1.0,
ETHUSDT,long,80,no_delta,15,0,0,0,,0,,,,
ETHUSDT,long,80,no_delta,30,0,0,0,,0,,,,
ETHUSDT,long,80,no_delta,60,0,0,0,,0,,,,
ETHUSDT,long,80,no_delta,240,0,0,0,,0,,,,
ETHUSDT,long,80,no_oi,15,3,0,3,0.2203479884731997,3,0.2203479884731997,0.3406910365548389,0.6666666666666666,9.465062028196362
ETHUSDT,long,80,no_oi,30,3,0,3,-0.018221668052208,3,-0.018221668052208,0.11635453179771116,0.6666666666666666,0.8130639187338368
ETHUSDT,long,80,no_oi,60,3,0,3,-0.17242015893137294,3,-0.17242015893137294,-0.32874743555970853,0.3333333333333333,0.2532835536589195
ETHUSDT,long,80,no_oi,240,3,1,2,0.4389378703685477,2,0.4389378703685477,0.4389378703685477,1.0,
ETHUSDT,long,80,no_delta_oi,15,0,0,0,,0,,,,
ETHUSDT,long,80,no_delta_oi,30,0,0,0,,0,,,,
ETHUSDT,long,80,no_delta_oi,60,0,0,0,,0,,,,
ETHUSDT,long,80,no_delta_oi,240,0,0,0,,0,,,,
ETHUSDT,long,90,full,15,0,0,0,,0,,,,
ETHUSDT,long,90,full,30,0,0,0,,0,,,,
ETHUSDT,long,90,full,60,0,0,0,,0,,,,
ETHUSDT,long,90,full,240,0,0,0,,0,,,,
ETHUSDT,long,90,no_delta,15,0,0,0,,0,,,,
ETHUSDT,long,90,no_delta,30,0,0,0,,0,,,,
ETHUSDT,long,90,no_delta,60,0,0,0,,0,,,,
ETHUSDT,long,90,no_delta,240,0,0,0,,0,,,,
ETHUSDT,long,90,no_oi,15,0,0,0,,0,,,,
ETHUSDT,long,90,no_oi,30,0,0,0,,0,,,,
ETHUSDT,long,90,no_oi,60,0,0,0,,0,,,,
ETHUSDT,long,90,no_oi,240,0,0,0,,0,,,,
ETHUSDT,long,90,no_delta_oi,15,0,0,0,,0,,,,
ETHUSDT,long,90,no_delta_oi,30,0,0,0,,0,,,,
ETHUSDT,long,90,no_delta_oi,60,0,0,0,,0,,,,
ETHUSDT,long,90,no_delta_oi,240,0,0,0,,0,,,,
ETHUSDT,short,50,full,15,7,0,7,-0.025119008195870336,7,-0.025119008195870336,0.009880434828011375,0.5714285714285714,0.6448129944895067
ETHUSDT,short,50,full,30,7,0,7,-0.15847184595948205,7,-0.15847184595948205,-0.18137430302057822,0.14285714285714285,0.13153513580708273
ETHUSDT,short,50,full,60,7,0,7,-0.09323481442121272,7,-0.09323481442121272,-0.130429620121144,0.2857142857142857,0.4559010505216906
ETHUSDT,short,50,full,240,7,0,7,-0.5863894934242034,7,-0.5863894934242034,-0.43008062898632005,0.0,0.0
ETHUSDT,short,50,no_delta,15,0,0,0,,0,,,,
ETHUSDT,short,50,no_delta,30,0,0,0,,0,,,,
ETHUSDT,short,50,no_delta,60,0,0,0,,0,,,,
ETHUSDT,short,50,no_delta,240,0,0,0,,0,,,,
ETHUSDT,short,50,no_oi,15,6,0,6,0.0532658585612501,6,0.0532658585612501,0.02791679547228043,0.8333333333333334,2.5112499623810467
ETHUSDT,short,50,no_oi,30,6,0,6,0.005395494820766215,6,0.005395494820766215,-0.13695520410560091,0.3333333333333333,1.0358712528679297
ETHUSDT,short,50,no_oi,60,6,0,6,-0.021681122138898574,6,-0.021681122138898574,-0.12709511324532563,0.3333333333333333,0.8507953270701704
ETHUSDT,short,50,no_oi,240,6,0,6,-0.4890584662273327,6,-0.4890584662273327,-0.3677088691861695,0.0,0.0
ETHUSDT,short,50,no_delta_oi,15,0,0,0,,0,,,,
ETHUSDT,short,50,no_delta_oi,30,0,0,0,,0,,,,
ETHUSDT,short,50,no_delta_oi,60,0,0,0,,0,,,,
ETHUSDT,short,50,no_delta_oi,240,0,0,0,,0,,,,
ETHUSDT,short,60,full,15,2,0,2,-0.29891558581957234,2,-0.29891558581957234,-0.29891558581957234,0.0,0.0
ETHUSDT,short,60,full,30,2,0,2,-0.3895929748520842,2,-0.3895929748520842,-0.3895929748520842,0.0,0.0
ETHUSDT,short,60,full,60,2,0,2,-0.6037571312677702,2,-0.6037571312677702,-0.6037571312677702,0.0,0.0
ETHUSDT,short,60,full,240,2,0,2,-1.843304103505008,2,-1.843304103505008,-1.843304103505008,0.0,0.0
ETHUSDT,short,60,no_delta,15,0,0,0,,0,,,,
ETHUSDT,short,60,no_delta,30,0,0,0,,0,,,,
ETHUSDT,short,60,no_delta,60,0,0,0,,0,,,,
ETHUSDT,short,60,no_delta,240,0,0,0,,0,,,,
ETHUSDT,short,60,no_oi,15,1,0,1,-0.2459631271573136,1,-0.2459631271573136,-0.2459631271573136,0.0,0.0
ETHUSDT,short,60,no_oi,30,1,0,1,-0.2762269953704565,1,-0.2762269953704565,-0.2762269953704565,0.0,0.0
ETHUSDT,short,60,no_oi,60,1,0,1,-0.30485497881528534,1,-0.30485497881528534,-0.30485497881528534,0.0,0.0
ETHUSDT,short,60,no_oi,240,1,0,1,-0.604221891409975,1,-0.604221891409975,-0.604221891409975,0.0,0.0
ETHUSDT,short,60,no_delta_oi,15,0,0,0,,0,,,,
ETHUSDT,short,60,no_delta_oi,30,0,0,0,,0,,,,
ETHUSDT,short,60,no_delta_oi,60,0,0,0,,0,,,,
ETHUSDT,short,60,no_delta_oi,240,0,0,0,,0,,,,
ETHUSDT,short,70,full,15,1,0,1,-0.2459631271573136,1,-0.2459631271573136,-0.2459631271573136,0.0,0.0
ETHUSDT,short,70,full,30,1,0,1,-0.2762269953704565,1,-0.2762269953704565,-0.2762269953704565,0.0,0.0
ETHUSDT,short,70,full,60,1,0,1,-0.30485497881528534,1,-0.30485497881528534,-0.30485497881528534,0.0,0.0
ETHUSDT,short,70,full,240,1,0,1,-0.604221891409975,1,-0.604221891409975,-0.604221891409975,0.0,0.0
ETHUSDT,short,70,no_delta,15,0,0,0,,0,,,,
ETHUSDT,short,70,no_delta,30,0,0,0,,0,,,,
ETHUSDT,short,70,no_delta,60,0,0,0,,0,,,,
ETHUSDT,short,70,no_delta,240,0,0,0,,0,,,,
ETHUSDT,short,70,no_oi,15,0,0,0,,0,,,,
ETHUSDT,short,70,no_oi,30,0,0,0,,0,,,,
ETHUSDT,short,70,no_oi,60,0,0,0,,0,,,,
ETHUSDT,short,70,no_oi,240,0,0,0,,0,,,,
ETHUSDT,short,70,no_delta_oi,15,0,0,0,,0,,,,
ETHUSDT,short,70,no_delta_oi,30,0,0,0,,0,,,,
ETHUSDT,short,70,no_delta_oi,60,0,0,0,,0,,,,
ETHUSDT,short,70,no_delta_oi,240,0,0,0,,0,,,,
ETHUSDT,short,80,full,15,0,0,0,,0,,,,
ETHUSDT,short,80,full,30,0,0,0,,0,,,,
ETHUSDT,short,80,full,60,0,0,0,,0,,,,
ETHUSDT,short,80,full,240,0,0,0,,0,,,,
ETHUSDT,short,80,no_delta,15,0,0,0,,0,,,,
ETHUSDT,short,80,no_delta,30,0,0,0,,0,,,,
ETHUSDT,short,80,no_delta,60,0,0,0,,0,,,,
ETHUSDT,short,80,no_delta,240,0,0,0,,0,,,,
ETHUSDT,short,80,no_oi,15,0,0,0,,0,,,,
ETHUSDT,short,80,no_oi,30,0,0,0,,0,,,,
ETHUSDT,short,80,no_oi,60,0,0,0,,0,,,,
ETHUSDT,short,80,no_oi,240,0,0,0,,0,,,,
ETHUSDT,short,80,no_delta_oi,15,0,0,0,,0,,,,
ETHUSDT,short,80,no_delta_oi,30,0,0,0,,0,,,,
ETHUSDT,short,80,no_delta_oi,60,0,0,0,,0,,,,
ETHUSDT,short,80,no_delta_oi,240,0,0,0,,0,,,,
ETHUSDT,short,90,full,15,0,0,0,,0,,,,
ETHUSDT,short,90,full,30,0,0,0,,0,,,,
ETHUSDT,short,90,full,60,0,0,0,,0,,,,
ETHUSDT,short,90,full,240,0,0,0,,0,,,,
ETHUSDT,short,90,no_delta,15,0,0,0,,0,,,,
ETHUSDT,short,90,no_delta,30,0,0,0,,0,,,,
ETHUSDT,short,90,no_delta,60,0,0,0,,0,,,,
ETHUSDT,short,90,no_delta,240,0,0,0,,0,,,,
ETHUSDT,short,90,no_oi,15,0,0,0,,0,,,,
ETHUSDT,short,90,no_oi,30,0,0,0,,0,,,,
ETHUSDT,short,90,no_oi,60,0,0,0,,0,,,,
ETHUSDT,short,90,no_oi,240,0,0,0,,0,,,,
ETHUSDT,short,90,no_delta_oi,15,0,0,0,,0,,,,
ETHUSDT,short,90,no_delta_oi,30,0,0,0,,0,,,,
ETHUSDT,short,90,no_delta_oi,60,0,0,0,,0,,,,
ETHUSDT,short,90,no_delta_oi,240,0,0,0,,0,,,,
SOLUSDT,long,50,full,15,14,0,14,-0.1478084062061241,14,-0.1478084062061241,-0.08587140926184167,0.35714285714285715,0.4088535267509342
SOLUSDT,long,50,full,30,14,0,14,-0.11690130485352888,14,-0.11690130485352888,-0.25343933271525165,0.42857142857142855,0.6103933260331834
SOLUSDT,long,50,full,60,14,0,14,-0.2082780734329046,14,-0.2082780734329046,-0.27486071022141056,0.2857142857142857,0.5158118583665994
SOLUSDT,long,50,full,240,14,1,13,-0.15919073595090544,13,-0.15919073595090544,-0.3260237417835897,0.38461538461538464,0.7360138974838508
SOLUSDT,long,50,no_delta,15,0,0,0,,0,,,,
SOLUSDT,long,50,no_delta,30,0,0,0,,0,,,,
SOLUSDT,long,50,no_delta,60,0,0,0,,0,,,,
SOLUSDT,long,50,no_delta,240,0,0,0,,0,,,,
SOLUSDT,long,50,no_oi,15,11,0,11,-0.0800718656416269,11,-0.0800718656416269,-0.06125709810064428,0.36363636363636365,0.5023963100392024
SOLUSDT,long,50,no_oi,30,11,0,11,-0.038332807791805784,11,-0.038332807791805784,-0.07304282494366088,0.45454545454545453,0.8280492132933603
SOLUSDT,long,50,no_oi,60,11,0,11,-0.09436744441980234,11,-0.09436744441980234,-0.11060856498873661,0.2727272727272727,0.6905888473566232
SOLUSDT,long,50,no_oi,240,11,1,10,0.14446086067309238,10,0.14446086067309238,0.2916131539377288,0.6,1.3094344763965766
SOLUSDT,long,50,no_delta_oi,15,0,0,0,,0,,,,
SOLUSDT,long,50,no_delta_oi,30,0,0,0,,0,,,,
SOLUSDT,long,50,no_delta_oi,60,0,0,0,,0,,,,
SOLUSDT,long,50,no_delta_oi,240,0,0,0,,0,,,,
SOLUSDT,long,60,full,15,7,0,7,-0.10140589185502255,7,-0.10140589185502255,-0.0908624708624649,0.2857142857142857,0.36447429036062723
SOLUSDT,long,60,full,30,7,0,7,0.2096086232860658,7,0.2096086232860658,-0.12,0.42857142857142855,2.5550030541139743
SOLUSDT,long,60,full,60,7,0,6,-0.09194315398256205,7,-0.17506307725041365,-0.32180665000961717,0.14285714285714285,0.5029023730750539
SOLUSDT,long,60,full,240,7,1,6,0.23322422759113862,6,0.23322422759113862,-0.01765532711700757,0.5,2.4169900490969956
SOLUSDT,long,60,no_delta,15,0,0,0,,0,,,,
SOLUSDT,long,60,no_delta,30,0,0,0,,0,,,,
SOLUSDT,long,60,no_delta,60,0,0,0,,0,,,,
SOLUSDT,long,60,no_delta,240,0,0,0,,0,,,,
SOLUSDT,long,60,no_oi,15,4,0,4,0.06513620482420168,4,0.06513620482420168,-0.12535562533061084,0.5,1.3730360882862735
SOLUSDT,long,60,no_oi,30,4,0,4,0.4528617905866761,4,0.4528617905866761,-0.047134946079865236,0.5,4.819150093842547
SOLUSDT,long,60,no_oi,60,4,0,3,0.4196520933563093,4,0.14629341580285118,-0.25667870740993737,0.25,1.4929272432878622
SOLUSDT,long,60,no_oi,240,4,1,3,0.6079524452611965,3,0.6079524452611965,0.10345283202174216,0.6666666666666666,6.447914559376223
SOLUSDT,long,60,no_delta_oi,15,0,0,0,,0,,,,
SOLUSDT,long,60,no_delta_oi,30,0,0,0,,0,,,,
SOLUSDT,long,60,no_delta_oi,60,0,0,0,,0,,,,
SOLUSDT,long,60,no_delta_oi,240,0,0,0,,0,,,,
SOLUSDT,long,70,full,15,3,0,3,0.02627814042202555,3,0.02627814042202555,0.0743068104536927,0.6666666666666666,1.2425539706798132
SOLUSDT,long,70,full,30,3,0,3,-0.20691422508874854,3,-0.20691422508874854,-0.29216642754661615,0.3333333333333333,0.03980075961841403
SOLUSDT,long,70,full,60,3,0,3,-0.31314368793054886,3,-0.31314368793054886,-0.39335741481987474,0.0,0.0
SOLUSDT,long,70,full,240,3,0,3,0.15708164590116713,3,0.15708164590116713,0.10345283202174216,0.6666666666666666,2.4076222447762055
SOLUSDT,long,70,no_delta,15,0,0,0,,0,,,,
SOLUSDT,long,70,no_delta,30,0,0,0,,0,,,,
SOLUSDT,long,70,no_delta,60,0,0,0,,0,,,,
SOLUSDT,long,70,no_delta,240,0,0,0,,0,,,,
SOLUSDT,long,70,no_oi,15,3,0,3,0.02627814042202555,3,0.02627814042202555,0.0743068104536927,0.6666666666666666,1.2425539706798132
SOLUSDT,long,70,no_oi,30,3,0,3,-0.20691422508874854,3,-0.20691422508874854,-0.29216642754661615,0.3333333333333333,0.03980075961841403
SOLUSDT,long,70,no_oi,60,3,0,3,-0.31314368793054886,3,-0.31314368793054886,-0.39335741481987474,0.0,0.0
SOLUSDT,long,70,no_oi,240,3,0,3,0.15708164590116713,3,0.15708164590116713,0.10345283202174216,0.6666666666666666,2.4076222447762055
SOLUSDT,long,70,no_delta_oi,15,0,0,0,,0,,,,
SOLUSDT,long,70,no_delta_oi,30,0,0,0,,0,,,,
SOLUSDT,long,70,no_delta_oi,60,0,0,0,,0,,,,
SOLUSDT,long,70,no_delta_oi,240,0,0,0,,0,,,,
SOLUSDT,long,80,full,15,2,0,2,-0.12535562533061084,2,-0.12535562533061084,-0.12535562533061084,0.5,0.22862363463370902
SOLUSDT,long,80,full,30,2,0,2,-0.16428812385981473,2,-0.16428812385981473,-0.16428812385981473,0.5,0.07262107336349939
SOLUSDT,long,80,full,60,2,0,2,-0.25667870740993737,2,-0.25667870740993737,-0.25667870740993737,0.0,0.0
SOLUSDT,long,80,full,240,2,0,2,-0.11566399695408724,2,-0.11566399695408724,-0.11566399695408724,0.5,0.30901659835022655
SOLUSDT,long,80,no_delta,15,0,0,0,,0,,,,
SOLUSDT,long,80,no_delta,30,0,0,0,,0,,,,
SOLUSDT,long,80,no_delta,60,0,0,0,,0,,,,
SOLUSDT,long,80,no_delta,240,0,0,0,,0,,,,
SOLUSDT,long,80,no_oi,15,2,0,2,-0.12535562533061084,2,-0.12535562533061084,-0.12535562533061084,0.5,0.22862363463370902
SOLUSDT,long,80,no_oi,30,2,0,2,-0.16428812385981473,2,-0.16428812385981473,-0.16428812385981473,0.5,0.07262107336349939
SOLUSDT,long,80,no_oi,60,2,0,2,-0.25667870740993737,2,-0.25667870740993737,-0.25667870740993737,0.0,0.0
SOLUSDT,long,80,no_oi,240,2,0,2,-0.11566399695408724,2,-0.11566399695408724,-0.11566399695408724,0.5,0.30901659835022655
SOLUSDT,long,80,no_delta_oi,15,0,0,0,,0,,,,
SOLUSDT,long,80,no_delta_oi,30,0,0,0,,0,,,,
SOLUSDT,long,80,no_delta_oi,60,0,0,0,,0,,,,
SOLUSDT,long,80,no_delta_oi,240,0,0,0,,0,,,,
SOLUSDT,long,90,full,15,0,0,0,,0,,,,
SOLUSDT,long,90,full,30,0,0,0,,0,,,,
SOLUSDT,long,90,full,60,0,0,0,,0,,,,
SOLUSDT,long,90,full,240,0,0,0,,0,,,,
SOLUSDT,long,90,no_delta,15,0,0,0,,0,,,,
SOLUSDT,long,90,no_delta,30,0,0,0,,0,,,,
SOLUSDT,long,90,no_delta,60,0,0,0,,0,,,,
SOLUSDT,long,90,no_delta,240,0,0,0,,0,,,,
SOLUSDT,long,90,no_oi,15,0,0,0,,0,,,,
SOLUSDT,long,90,no_oi,30,0,0,0,,0,,,,
SOLUSDT,long,90,no_oi,60,0,0,0,,0,,,,
SOLUSDT,long,90,no_oi,240,0,0,0,,0,,,,
SOLUSDT,long,90,no_delta_oi,15,0,0,0,,0,,,,
SOLUSDT,long,90,no_delta_oi,30,0,0,0,,0,,,,
SOLUSDT,long,90,no_delta_oi,60,0,0,0,,0,,,,
SOLUSDT,long,90,no_delta_oi,240,0,0,0,,0,,,,
SOLUSDT,short,50,full,15,9,0,9,-0.26377938505131127,9,-0.26377938505131127,-0.18734654608429036,0.1111111111111111,0.002405867432141016
SOLUSDT,short,50,full,30,9,0,9,-0.2368307844398253,9,-0.2368307844398253,-0.29409807524904064,0.0,0.0
SOLUSDT,short,50,full,60,9,0,9,-0.22933818388675847,9,-0.22933818388675847,-0.24573749879098983,0.2222222222222222,0.08991310689494074
SOLUSDT,short,50,full,240,9,0,8,-0.7644511982748453,9,-0.7576749751191292,-0.7292843326885866,0.1111111111111111,0.002150071885942052
SOLUSDT,short,50,no_delta,15,0,0,0,,0,,,,
SOLUSDT,short,50,no_delta,30,0,0,0,,0,,,,
SOLUSDT,short,50,no_delta,60,0,0,0,,0,,,,
SOLUSDT,short,50,no_delta,240,0,0,0,,0,,,,
SOLUSDT,short,50,no_oi,15,7,0,7,-0.25139948338321466,7,-0.25139948338321466,-0.10044009779951668,0.0,0.0
SOLUSDT,short,50,no_oi,30,7,0,7,-0.29827662846836883,7,-0.29827662846836883,-0.14933985330073607,0.0,0.0
SOLUSDT,short,50,no_oi,60,7,0,7,-0.18637636095618376,7,-0.18637636095618376,-0.19823960880195546,0.2857142857142857,0.10658640950605491
SOLUSDT,short,50,no_oi,240,7,0,6,-0.5763551143311252,7,-0.5915848069928166,-0.6829629629629651,0.14285714285714285,0.003535574148495593
SOLUSDT,short,50,no_delta_oi,15,0,0,0,,0,,,,
SOLUSDT,short,50,no_delta_oi,30,0,0,0,,0,,,,
SOLUSDT,short,50,no_delta_oi,60,0,0,0,,0,,,,
SOLUSDT,short,50,no_delta_oi,240,0,0,0,,0,,,,
SOLUSDT,short,60,full,15,4,0,4,-0.29161257577337774,4,-0.29161257577337774,-0.2595312905913104,0.0,0.0
SOLUSDT,short,60,full,30,4,0,4,-0.16721340220906478,4,-0.16721340220906478,-0.13466992665036803,0.0,0.0
SOLUSDT,short,60,full,60,4,0,4,-0.1653336233620205,4,-0.1653336233620205,-0.1687527877359173,0.25,0.12311113215956096
SOLUSDT,short,60,full,240,4,0,4,-0.5651402660486992,4,-0.5651402660486992,-0.6058467000234623,0.0,0.0
SOLUSDT,short,60,no_delta,15,0,0,0,,0,,,,
SOLUSDT,short,60,no_delta,30,0,0,0,,0,,,,
SOLUSDT,short,60,no_delta,60,0,0,0,,0,,,,
SOLUSDT,short,60,no_delta,240,0,0,0,,0,,,,
SOLUSDT,short,60,no_oi,15,3,0,3,-0.4037526217674154,3,-0.4037526217674154,-0.41862248338310415,0.0,0.0
SOLUSDT,short,60,no_oi,30,3,0,3,-0.18282553761263556,3,-0.18282553761263556,-0.12,0.0,0.0
SOLUSDT,short,60,no_oi,60,3,0,3,-0.2770240442667403,3,-0.2770240442667403,-0.2751289509404752,0.0,0.0
SOLUSDT,short,60,no_oi,240,3,0,3,-0.8065316103684683,3,-0.8065316103684683,-0.8518037974683556,0.0,0.0
SOLUSDT,short,60,no_delta_oi,15,0,0,0,,0,,,,
SOLUSDT,short,60,no_delta_oi,30,0,0,0,,0,,,,
SOLUSDT,short,60,no_delta_oi,60,0,0,0,,0,,,,
SOLUSDT,short,60,no_delta_oi,240,0,0,0,,0,,,,
SOLUSDT,short,70,full,15,3,0,3,-0.3616638934559678,3,-0.3616638934559678,-0.41862248338310415,0.0,0.0
SOLUSDT,short,70,full,30,3,0,3,-0.33586585629581595,3,-0.33586585629581595,-0.12,0.0,0.0
SOLUSDT,short,70,full,60,3,0,3,-0.470034647794691,3,-0.470034647794691,-0.2751289509404752,0.0,0.0
SOLUSDT,short,70,full,240,3,0,3,-0.897622055163659,3,-0.897622055163659,-1.1250751318539276,0.0,0.0
SOLUSDT,short,70,no_delta,15,0,0,0,,0,,,,
SOLUSDT,short,70,no_delta,30,0,0,0,,0,,,,
SOLUSDT,short,70,no_delta,60,0,0,0,,0,,,,
SOLUSDT,short,70,no_delta,240,0,0,0,,0,,,,
SOLUSDT,short,70,no_oi,15,2,0,2,-0.2983979199928898,2,-0.2983979199928898,-0.2983979199928898,0.0,0.0
SOLUSDT,short,70,no_oi,30,2,0,2,-0.10545666084933114,2,-0.10545666084933114,-0.10545666084933114,0.0,0.0
SOLUSDT,short,70,no_oi,60,2,0,2,-0.20719745880517715,2,-0.20719745880517715,-0.20719745880517715,0.0,0.0
SOLUSDT,short,70,no_oi,240,2,0,2,-0.7838955168185247,2,-0.7838955168185247,-0.7838955168185247,0.0,0.0
SOLUSDT,short,70,no_delta_oi,15,0,0,0,,0,,,,
SOLUSDT,short,70,no_delta_oi,30,0,0,0,,0,,,,
SOLUSDT,short,70,no_delta_oi,60,0,0,0,,0,,,,
SOLUSDT,short,70,no_delta_oi,240,0,0,0,,0,,,,
SOLUSDT,short,80,full,15,2,0,2,-0.2983979199928898,2,-0.2983979199928898,-0.2983979199928898,0.0,0.0
SOLUSDT,short,80,full,30,2,0,2,-0.10545666084933114,2,-0.10545666084933114,-0.10545666084933114,0.0,0.0
SOLUSDT,short,80,full,60,2,0,2,-0.20719745880517715,2,-0.20719745880517715,-0.20719745880517715,0.0,0.0
SOLUSDT,short,80,full,240,2,0,2,-0.7838955168185247,2,-0.7838955168185247,-0.7838955168185247,0.0,0.0
SOLUSDT,short,80,no_delta,15,0,0,0,,0,,,,
SOLUSDT,short,80,no_delta,30,0,0,0,,0,,,,
SOLUSDT,short,80,no_delta,60,0,0,0,,0,,,,
SOLUSDT,short,80,no_delta,240,0,0,0,,0,,,,
SOLUSDT,short,80,no_oi,15,2,0,2,-0.2983979199928898,2,-0.2983979199928898,-0.2983979199928898,0.0,0.0
SOLUSDT,short,80,no_oi,30,2,0,2,-0.10545666084933114,2,-0.10545666084933114,-0.10545666084933114,0.0,0.0
SOLUSDT,short,80,no_oi,60,2,0,2,-0.20719745880517715,2,-0.20719745880517715,-0.20719745880517715,0.0,0.0
SOLUSDT,short,80,no_oi,240,2,0,2,-0.7838955168185247,2,-0.7838955168185247,-0.7838955168185247,0.0,0.0
SOLUSDT,short,80,no_delta_oi,15,0,0,0,,0,,,,
SOLUSDT,short,80,no_delta_oi,30,0,0,0,,0,,,,
SOLUSDT,short,80,no_delta_oi,60,0,0,0,,0,,,,
SOLUSDT,short,80,no_delta_oi,240,0,0,0,,0,,,,
SOLUSDT,short,90,full,15,0,0,0,,0,,,,
SOLUSDT,short,90,full,30,0,0,0,,0,,,,
SOLUSDT,short,90,full,60,0,0,0,,0,,,,
SOLUSDT,short,90,full,240,0,0,0,,0,,,,
SOLUSDT,short,90,no_delta,15,0,0,0,,0,,,,
SOLUSDT,short,90,no_delta,30,0,0,0,,0,,,,
SOLUSDT,short,90,no_delta,60,0,0,0,,0,,,,
SOLUSDT,short,90,no_delta,240,0,0,0,,0,,,,
SOLUSDT,short,90,no_oi,15,0,0,0,,0,,,,
SOLUSDT,short,90,no_oi,30,0,0,0,,0,,,,
SOLUSDT,short,90,no_oi,60,0,0,0,,0,,,,
SOLUSDT,short,90,no_oi,240,0,0,0,,0,,,,
SOLUSDT,short,90,no_delta_oi,15,0,0,0,,0,,,,
SOLUSDT,short,90,no_delta_oi,30,0,0,0,,0,,,,
SOLUSDT,short,90,no_delta_oi,60,0,0,0,,0,,,,
SOLUSDT,short,90,no_delta_oi,240,0,0,0,,0,,,,
