event_id,symbol,side,threshold,horizon,day,net,quality,beta_samples,beta,btc_directional_gross,residual_after_signal_cost
ETHUSDT:long:50:1788439069.565877,ETHUSDT,long,50,15,2026-09-03,-0.009471200417268011,True,35,1.1352569244923822,0.19275674073773175,-0.22829962508236085
ETHUSDT:long:50:1788455830.127855,ETHUSDT,long,50,15,2026-09-03,-0.0771722476164659,True,54,1.113154835724109,-0.06918750924967965,-0.00015583712347848333
ETHUSDT:long:50:1788471218.489975,ETHUSDT,long,50,15,2026-09-03,-0.45649701443323465,True,71,1.072425637470965,-0.5177882973012471,0.0987924303750608
ETHUSDT:long:50:1788490983.836880,ETHUSDT,long,50,15,2026-09-04,-0.18489783567706908,True,93,1.0489117886574801,-0.009394313967869827,-0.1750440290098208
ETHUSDT:long:50:1788511491.037888,ETHUSDT,long,50,15,2026-09-04,0.13411547960325632,True,96,1.0381713024480461,0.09220264338929418,0.03839334122664005
ETHUSDT:long:50:1788540474.809328,ETHUSDT,long,50,15,2026-09-04,-0.29764299854876597,True,96,1.2699861208426768,-0.13092091072800516,-0.1313752589961163
ETHUSDT:long:50:1788557614.497340,ETHUSDT,long,50,15,2026-09-04,-0.1187776406018769,True,96,1.329044716780982,-0.04751933999522784,-0.05562231283630012
ETHUSDT:long:50:1788593998.306329,ETHUSDT,long,50,15,2026-09-05,-0.17696591403844264,True,96,1.3528359112473336,-0.005646917096979731,-0.1693265618018119
ETHUSDT:long:50:1788623042.251099,ETHUSDT,long,50,15,2026-09-05,-0.07035787092232393,True,96,0.8712011134543544,0.08093660593284646,-0.14086993213023608
ETHUSDT:long:50:1788644524.707708,ETHUSDT,long,50,15,2026-09-05,0.09221163177456149,True,96,0.9235045508171296,0.03607069856919054,0.0589001774947611
ETHUSDT:long:50:1788659361.607322,ETHUSDT,long,50,15,2026-09-06,-0.11640194295080775,True,96,1.1143178820101423,-0.049437785988204475,-0.06131253397716105
ETHUSDT:long:50:1788693570.372481,ETHUSDT,long,50,15,2026-09-06,-0.15157183792057427,True,96,1.4536479586820348,0.003252968333611328,-0.1563005086983857
ETHUSDT:long:50:1788726112.870767,ETHUSDT,long,50,15,2026-09-06,-0.06587486268251552,True,96,1.5535771404069576,0.05232940987947021,-0.14717263764224645
ETHUSDT:long:50:1788439069.565877,ETHUSDT,long,50,30,2026-09-03,-0.05293758227563827,True,35,1.1352569244923822,0.29507493114917516,-0.3879234411068523
ETHUSDT:long:50:1788455830.127855,ETHUSDT,long,50,30,2026-09-03,0.10534602422370487,True,54,1.113154835724109,0.06585762912534321,0.03203628589350416
ETHUSDT:long:50:1788471218.489975,ETHUSDT,long,50,30,2026-09-03,-0.3937266150466322,True,71,1.072425637470965,-0.5331608999072812,0.17804880291102732
ETHUSDT:long:50:1788490983.836880,ETHUSDT,long,50,30,2026-09-04,-0.3095176060263348,True,93,1.0489117886574801,-0.0909765142150909,-0.21409126777516116
ETHUSDT:long:50:1788511491.037888,ETHUSDT,long,50,30,2026-09-04,0.30167287396666087,True,96,1.0381713024480461,0.04369442538127988,0.2563105754588586
ETHUSDT:long:50:1788540474.809328,ETHUSDT,long,50,30,2026-09-04,-0.54967654340057,True,96,1.2699861208426768,-0.22773215889083653,-0.26045986233966845
ETHUSDT:long:50:1788557614.497340,ETHUSDT,long,50,30,2026-09-04,-0.1774508917111749,True,96,1.329044716780982,-0.14719711122533896,0.018180651288284444
ETHUSDT:long:50:1788593998.306329,ETHUSDT,long,50,30,2026-09-05,-0.2766562636056923,True,96,1.3528359112473336,-0.10427973572428861,-0.13558289230249318
ETHUSDT:long:50:1788623042.251099,ETHUSDT,long,50,30,2026-09-05,-0.08826158960607777,True,96,0.8712011134543544,0.0421623249510672,-0.12499345404927181
ETHUSDT:long:50:1788644524.707708,ETHUSDT,long,50,30,2026-09-05,-0.0028205221130804814,True,96,0.9235045508171296,0.028681215181758368,-0.02930775485639968
ETHUSDT:long:50:1788659361.607322,ETHUSDT,long,50,30,2026-09-06,-0.09321446418934165,True,96,1.1143178820101423,0.002503179037383063,-0.09600380135257053
ETHUSDT:long:50:1788693570.372481,ETHUSDT,long,50,30,2026-09-06,-0.1503729073666381,True,96,1.4536479586820348,-0.008757991667396325,-0.13764187065717318
ETHUSDT:long:50:1788726112.870767,ETHUSDT,long,50,30,2026-09-06,0.0459837544402798,True,96,1.5535771404069576,-0.004506839128382012,0.05298547668562571
ETHUSDT:long:50:1788439069.565877,ETHUSDT,long,50,60,2026-09-03,0.3945591680948636,True,35,1.1352569244923822,0.5145289275622966,-0.189563359771873
ETHUSDT:long:50:1788455830.127855,ETHUSDT,long,50,60,2026-09-03,0.19860645698411628,True,54,1.113154835724109,0.10026639040994212,0.08699443963868778
ETHUSDT:long:50:1788471218.489975,ETHUSDT,long,50,60,2026-09-03,-1.155711589878874,True,71,1.072425637470965,-1.2371284954370232,0.17101672547367164
ETHUSDT:long:50:1788490983.836880,ETHUSDT,long,50,60,2026-09-04,-0.5261091557707286,True,93,1.0489117886574801,-0.13794808405439563,-0.38141378418336
ETHUSDT:long:50:1788511491.037888,ETHUSDT,long,50,60,2026-09-04,0.29929054134537403,True,96,1.0381713024480461,0.1577442814612251,0.1355249552070428
ETHUSDT:long:50:1788540474.809328,ETHUSDT,long,50,60,2026-09-04,-0.7195959333167988,True,96,1.2699861208426768,-0.37119338673836655,-0.24818548401048518
ETHUSDT:long:50:1788557614.497340,ETHUSDT,long,50,60,2026-09-04,-0.21982601751232778,True,96,1.329044716780982,-0.13741740536881153,-0.037192140913158256
ETHUSDT:long:50:1788593998.306329,ETHUSDT,long,50,60,2026-09-05,-0.2530560992183427,True,96,1.3528359112473336,-0.1482002020341544,-0.05256554385242848
ETHUSDT:long:50:1788623042.251099,ETHUSDT,long,50,60,2026-09-05,0.18192180143961967,True,96,0.8712011134543544,0.26050293630477395,-0.045028646727228144
ETHUSDT:long:50:1788644524.707708,ETHUSDT,long,50,60,2026-09-05,-0.22348840486917865,True,96,0.9235045508171296,-0.11773075227445862,-0.114763519372592
ETHUSDT:long:50:1788659361.607322,ETHUSDT,long,50,60,2026-09-06,-0.15877905930796954,True,96,1.1143178820101423,-0.07309282789141891,-0.07733041414187176
ETHUSDT:long:50:1788693570.372481,ETHUSDT,long,50,60,2026-09-06,-0.1275932268416623,True,96,1.4536479586820348,-0.004754338333734509,-0.12068209262794538
ETHUSDT:long:50:1788726112.870767,ETHUSDT,long,50,60,2026-09-06,0.4853996840695852,True,96,1.5535771404069576,0.023034955545031544,0.4496131037045337
ETHUSDT:long:50:1788439069.565877,ETHUSDT,long,50,240,2026-09-03,3.1126569136385207,True,35,1.1352569244923822,3.214656154675466,-0.5368037458188568
ETHUSDT:long:50:1788455830.127855,ETHUSDT,long,50,240,2026-09-03,0.41154444079763774,True,54,1.113154835724109,0.6110946672586381,-0.26869854314653063
ETHUSDT:long:50:1788471218.489975,ETHUSDT,long,50,240,2026-09-03,-0.6980438677689959,True,71,1.072425637470965,-1.4114733297545201,0.8156563176662611
ETHUSDT:long:50:1788490983.836880,ETHUSDT,long,50,240,2026-09-04,-0.17892564220987273,True,93,1.0489117886574801,-0.12262051915945538,-0.050307534132219583
ETHUSDT:long:50:1788511491.037888,ETHUSDT,long,50,240,2026-09-04,-2.8382415208811484,True,96,1.0381713024480461,-1.648785689952259,-1.1265195336857112
ETHUSDT:long:50:1788540474.809328,ETHUSDT,long,50,240,2026-09-04,-0.3590253618916982,True,96,1.2699861208426768,-0.033482646709170893,-0.31650286528197247
ETHUSDT:long:50:1788557614.497340,ETHUSDT,long,50,240,2026-09-04,-0.1554484225451923,True,96,1.329044716780982,-0.1549707235728559,0.050514598875037814
ETHUSDT:long:50:1788593998.306329,ETHUSDT,long,50,240,2026-09-05,-0.3144979065026664,True,96,1.3528359112473336,-0.1257380206928116,-0.14439499670027053
ETHUSDT:long:50:1788623042.251099,ETHUSDT,long,50,240,2026-09-05,0.6372459197831893,True,96,0.8712011134543544,0.15999096521608358,0.4978616127443004
ETHUSDT:long:50:1788644524.707708,ETHUSDT,long,50,240,2026-09-05,0.6269688367017557,True,96,0.9235045508171296,0.13401266482304663,0.5032075308705415
ETHUSDT:long:50:1788659361.607322,ETHUSDT,long,50,240,2026-09-06,0.3949219421512363,True,96,1.1143178820101423,0.09862525407267064,0.2850220579202658
ETHUSDT:long:50:1788693570.372481,ETHUSDT,long,50,240,2026-09-06,-1.115911646811043,True,96,1.4536479586820348,-0.44915985837076233,-0.4629913355684725
ETHUSDT:long:50:1788726112.870767,ETHUSDT,long,50,240,2026-09-06,0.7123243338598907,True,96,1.5535771404069576,0.3301259661536271,0.19944817938885462
ETHUSDT:long:60:1788444536.754252,ETHUSDT,long,60,15,2026-09-03,0.32650925880285186,True,41,1.0528181049381562,0.4990353925990121,-0.19888423753030882
ETHUSDT:long:60:1788459284.569770,ETHUSDT,long,60,15,2026-09-03,-0.495085699708233,True,57,1.1032882251558687,-0.4116026655703653,-0.04096932534168013
ETHUSDT:long:60:1788491295.821063,ETHUSDT,long,60,15,2026-09-04,-0.35214399287666553,True,93,1.0489117886574801,-0.11635131179310587,-0.2301017303111147
ETHUSDT:long:60:1788512365.304357,ETHUSDT,long,60,15,2026-09-04,0.013820047668420377,True,96,1.0384035755883594,-0.09441729981313207,0.11186330939177486
ETHUSDT:long:60:1788627007.967252,ETHUSDT,long,60,15,2026-09-05,0.08040485829959654,True,96,0.9322635168633003,0.036394653112670206,0.04647545099375875
ETHUSDT:long:60:1788644891.020141,ETHUSDT,long,60,15,2026-09-05,-0.15133889397811673,True,96,0.9253544504746573,0.046211704710974466,-0.19410110059643765
ETHUSDT:long:60:1788659544.969012,ETHUSDT,long,60,15,2026-09-06,-0.07809085901765644,True,96,1.1143178820101423,-0.051513844345663085,-0.020688061092197015
ETHUSDT:long:60:1788728147.249871,ETHUSDT,long,60,15,2026-09-06,0.3829431786329308,True,96,1.5332577654108315,0.13035572964146258,0.18307424389436341
ETHUSDT:long:60:1788444536.754252,ETHUSDT,long,60,30,2026-09-03,0.8161495867632685,True,41,1.0528181049381562,1.031787679897378,-0.27013516308482577
ETHUSDT:long:60:1788459284.569770,ETHUSDT,long,60,30,2026-09-03,-0.5201977072338736,True,57,1.1032882251558687,-0.38107710903284575,-0.09975981996149574
ETHUSDT:long:60:1788491295.821063,ETHUSDT,long,60,30,2026-09-04,-0.5254569738599412,True,93,1.0489117886574801,-0.15525859758379612,-0.36260440056386967
ETHUSDT:long:60:1788512365.304357,ETHUSDT,long,60,30,2026-09-04,-0.28984852204072753,True,96,1.0384035755883594,-0.145816795925513,-0.13843183977083673
ETHUSDT:long:60:1788627007.967252,ETHUSDT,long,60,30,2026-09-05,0.156113360323893,True,96,0.9322635168633003,0.06928741520420001,0.0915192309512578
ETHUSDT:long:60:1788644891.020141,ETHUSDT,long,60,30,2026-09-05,-0.2883461099593386,True,96,0.9253544504746573,-0.03631814191376037,-0.25473895570647026
ETHUSDT:long:60:1788659544.969012,ETHUSDT,long,60,30,2026-09-06,-0.29242618004167376,True,96,1.1143178820101423,-0.1292847452752821,-0.14836187651030064
ETHUSDT:long:60:1788728147.249871,ETHUSDT,long,60,30,2026-09-06,0.3272830657109572,True,96,1.5332577654108315,0.08778037125714011,0.1926931298303014
ETHUSDT:long:60:1788444536.754252,ETHUSDT,long,60,60,2026-09-03,2.320807742232298,True,41,1.0528181049381562,2.2288641969675282,-0.02578083778356044
ETHUSDT:long:60:1788459284.569770,ETHUSDT,long,60,60,2026-09-03,-0.1602589326998326,True,57,1.1032882251558687,-0.10253140562801466,-0.04713724016176386
ETHUSDT:long:60:1788491295.821063,ETHUSDT,long,60,60,2026-09-04,-0.667764421548036,True,93,1.0489117886574801,-0.17502102846159717,-0.48418280153171034
ETHUSDT:long:60:1788512365.304357,ETHUSDT,long,60,60,2026-09-04,-0.3405259365423817,True,96,1.0384035755883594,-0.1460633162905567,-0.1888532666439742
ETHUSDT:long:60:1788627007.967252,ETHUSDT,long,60,60,2026-09-05,0.18728744939272357,True,96,0.9322635168633003,0.06941248274068279,0.1225767241186815
ETHUSDT:long:60:1788644891.020141,ETHUSDT,long,60,60,2026-09-05,-0.48481686836057347,True,96,0.9253544504746573,-0.14639968240410806,-0.3493452706998557
ETHUSDT:long:60:1788659544.969012,ETHUSDT,long,60,60,2026-09-06,-0.32874743555970853,True,96,1.1143178820101423,-0.1740467750708019,-0.13480400179211693
ETHUSDT:long:60:1788728147.249871,ETHUSDT,long,60,60,2026-09-06,0.2207680294718274,True,96,1.5332577654108315,0.051591316630439366,0.14166524262043725
ETHUSDT:long:60:1788444536.754252,ETHUSDT,long,60,240,2026-09-03,2.8724746553622094,True,41,1.0528181049381562,2.97317098521781,-0.2577335869519164
ETHUSDT:long:60:1788459284.569770,ETHUSDT,long,60,240,2026-09-03,-0.3348471754970682,True,57,1.1032882251558687,0.12628718148182116,-0.47417833581408375
ETHUSDT:long:60:1788491295.821063,ETHUSDT,long,60,240,2026-09-04,-0.19433377854099143,True,93,1.0489117886574801,-0.09028960607297964,-0.09962794633780307
ETHUSDT:long:60:1788512365.304357,ETHUSDT,long,60,240,2026-09-04,-3.055330868088282,True,96,1.0384035755883594,-2.0700315053026497,-0.9058027514014566
ETHUSDT:long:60:1788627007.967252,ETHUSDT,long,60,240,2026-09-05,0.22736842105262955,True,96,0.9322635168633003,-0.27127148660277545,0.48026493117766866
ETHUSDT:long:60:1788644891.020141,ETHUSDT,long,60,240,2026-09-05,0.3613332690484229,True,96,0.9253544504746573,0.0820289067362534,0.2854274551324602
ETHUSDT:long:60:1788659544.969012,ETHUSDT,long,60,240,2026-09-06,0.2619718849534137,True,96,1.1143178820101423,-0.02513175415893576,0.2899766480189986
ETHUSDT:long:60:1788728147.249871,ETHUSDT,long,60,240,2026-09-06,0.3913522604412779,False,96,1.5332577654108315,0.25056850625608806,0.007166152456738406
ETHUSDT:long:70:1788446305.270870,ETHUSDT,long,70,15,2026-09-03,0.6295709184379029,True,43,0.9584176709272826,0.5411444025532619,0.1109285605074698
ETHUSDT:long:70:1788644891.020141,ETHUSDT,long,70,15,2026-09-05,-0.15133889397811673,True,96,0.9253544504746573,0.046211704710974466,-0.19410110059643765
ETHUSDT:long:70:1788659544.969012,ETHUSDT,long,70,15,2026-09-06,-0.07809085901765644,True,96,1.1143178820101423,-0.051513844345663085,-0.020688061092197015
ETHUSDT:long:70:1788728147.249871,ETHUSDT,long,70,15,2026-09-06,0.3829431786329308,True,96,1.5332577654108315,0.13035572964146258,0.18307424389436341
ETHUSDT:long:70:1788446305.270870,ETHUSDT,long,70,30,2026-09-03,1.308373882557743,True,43,0.9584176709272826,1.1205300105696425,0.23443811962346284
ETHUSDT:long:70:1788644891.020141,ETHUSDT,long,70,30,2026-09-05,-0.2883461099593386,True,96,0.9253544504746573,-0.03631814191376037,-0.25473895570647026
ETHUSDT:long:70:1788659544.969012,ETHUSDT,long,70,30,2026-09-06,-0.29242618004167376,True,96,1.1143178820101423,-0.1292847452752821,-0.14836187651030064
ETHUSDT:long:70:1788728147.249871,ETHUSDT,long,70,30,2026-09-06,0.3272830657109572,True,96,1.5332577654108315,0.08778037125714011,0.1926931298303014
ETHUSDT:long:70:1788446305.270870,ETHUSDT,long,70,60,2026-09-03,1.3234222406598528,True,43,0.9584176709272826,1.3936098318766188,-0.012238048588697925
ETHUSDT:long:70:1788644891.020141,ETHUSDT,long,70,60,2026-09-05,-0.48481686836057347,True,96,0.9253544504746573,-0.14639968240410806,-0.3493452706998557
ETHUSDT:long:70:1788659544.969012,ETHUSDT,long,70,60,2026-09-06,-0.32874743555970853,True,96,1.1143178820101423,-0.1740467750708019,-0.13480400179211693
ETHUSDT:long:70:1788728147.249871,ETHUSDT,long,70,60,2026-09-06,0.2207680294718274,True,96,1.5332577654108315,0.051591316630439366,0.14166524262043725
ETHUSDT:long:70:1788446305.270870,ETHUSDT,long,70,240,2026-09-03,1.545487200761384,True,43,0.9584176709272826,1.5181131663843495,0.09050071563125361
ETHUSDT:long:70:1788644891.020141,ETHUSDT,long,70,240,2026-09-05,0.3613332690484229,True,96,0.9253544504746573,0.0820289067362534,0.2854274551324602
ETHUSDT:long:70:1788659544.969012,ETHUSDT,long,70,240,2026-09-06,0.2619718849534137,True,96,1.1143178820101423,-0.02513175415893576,0.2899766480189986
ETHUSDT:long:70:1788728147.249871,ETHUSDT,long,70,240,2026-09-06,0.3913522604412779,False,96,1.5332577654108315,0.25056850625608806,0.007166152456738406
ETHUSDT:long:80:1788450044.618003,ETHUSDT,long,80,15,2026-09-03,0.3406910365548389,True,47,1.063961288249801,0.26479825806220436,0.05895594078067268
ETHUSDT:long:80:1788659544.969012,ETHUSDT,long,80,15,2026-09-06,-0.07809085901765644,True,96,1.1143178820101423,-0.051513844345663085,-0.020688061092197015
ETHUSDT:long:80:1788728393.975796,ETHUSDT,long,80,15,2026-09-06,0.39844378788241663,True,96,1.5332577654108315,0.13961968349531784,0.18437082395901805
ETHUSDT:long:80:1788450044.618003,ETHUSDT,long,80,30,2026-09-03,0.11635453179771116,True,47,1.063961288249801,0.04767356698320846,0.0656317020547935
ETHUSDT:long:80:1788659544.969012,ETHUSDT,long,80,30,2026-09-06,-0.29242618004167376,True,96,1.1143178820101423,-0.1292847452752821,-0.14836187651030064
ETHUSDT:long:80:1788728393.975796,ETHUSDT,long,80,30,2026-09-06,0.12140664408733859,True,96,1.5332577654108315,-0.00025043889415599097,0.12179063146656416
ETHUSDT:long:80:1788450044.618003,ETHUSDT,long,80,60,2026-09-03,-0.36396594892338585,True,47,1.063961288249801,-0.19365842753803486,-0.15792087887958753
ETHUSDT:long:80:1788659544.969012,ETHUSDT,long,80,60,2026-09-06,-0.32874743555970853,True,96,1.1143178820101423,-0.1740467750708019,-0.13480400179211693
ETHUSDT:long:80:1788728393.975796,ETHUSDT,long,80,60,2026-09-06,0.1754529076889756,True,96,1.5332577654108315,0.01239672526101021,0.15644553241686707
ETHUSDT:long:80:1788450044.618003,ETHUSDT,long,80,240,2026-09-03,0.6159038557836817,True,47,1.063961288249801,0.7432630209973645,-0.17489922554511328
ETHUSDT:long:80:1788659544.969012,ETHUSDT,long,80,240,2026-09-06,0.2619718849534137,True,96,1.1143178820101423,-0.02513175415893576,0.2899766480189986
ETHUSDT:short:50:1788429271.535756,ETHUSDT,short,50,15,2026-09-03,0.009880434828011375,True,24,,0.05462277434740148,
ETHUSDT:short:50:1788473699.103550,ETHUSDT,short,50,15,2026-09-03,0.2534965266820267,True,73,1.0587729009575793,0.3325301797261093,-0.09857741636253126
ETHUSDT:short:50:1788525137.010039,ETHUSDT,short,50,15,2026-09-04,0.04228789136112365,True,96,1.0343789683305784,0.3608522388528046,-0.3309700751832198
ETHUSDT:short:50:1788583895.108819,ETHUSDT,short,50,15,2026-09-05,0.01354569958343721,True,96,1.3411560650735632,0.07849945276823256,-0.0917343176016336
ETHUSDT:short:50:1788616619.057452,ETHUSDT,short,50,15,2026-09-05,-0.2338083369705889,True,96,0.927050200711187,-0.07981738787228299,-0.15981361152334628
ETHUSDT:short:50:1788679998.591564,ETHUSDT,short,50,15,2026-09-06,-0.18658911308115023,True,96,1.4458212056960555,-0.02193114372794902,-0.1548806004141135
ETHUSDT:short:50:1788700887.492880,ETHUSDT,short,50,15,2026-09-06,-0.07464615977395217,True,96,1.4428531976489969,0.006893526352069745,-0.08459250631411362
ETHUSDT:short:50:1788429271.535756,ETHUSDT,short,50,30,2026-09-03,-0.15758597792449247,True,24,,0.02421953202196292,
ETHUSDT:short:50:1788473699.103550,ETHUSDT,short,50,30,2026-09-03,0.168011760147322,True,73,1.0587729009575793,0.23270965997098658,-0.07837492162101131
ETHUSDT:short:50:1788525137.010039,ETHUSDT,short,50,30,2026-09-04,-0.34687601940913904,True,96,1.0343789683305784,0.23169851579906142,-0.5865400911450984
ETHUSDT:short:50:1788583895.108819,ETHUSDT,short,50,30,2026-09-05,-0.11632443028670936,True,96,1.3411560650735632,-0.021763470078384195,-0.08713622039403737
ETHUSDT:short:50:1788616619.057452,ETHUSDT,short,50,30,2026-09-05,-0.2921402086078294,True,96,0.927050200711187,-0.15284715535857085,-0.15044322255453232
ETHUSDT:short:50:1788679998.591564,ETHUSDT,short,50,30,2026-09-06,-0.18137430302057822,True,96,1.4458212056960555,0.037846888033366,-0.23609413630882306
ETHUSDT:short:50:1788700887.492880,ETHUSDT,short,50,30,2026-09-06,-0.18301374261494796,True,96,1.4428531976489969,0.008773578993548359,-0.19567272912061529
ETHUSDT:short:50:1788429271.535756,ETHUSDT,short,50,60,2026-09-03,-0.12375859779244702,True,24,,-0.07098384119199608,
ETHUSDT:short:50:1788473699.103550,ETHUSDT,short,50,60,2026-09-03,0.17919668287148316,True,73,1.0587729009575793,0.26565534875716557,-0.10207200138703848
ETHUSDT:short:50:1788525137.010039,ETHUSDT,short,50,60,2026-09-04,-0.45520420885673196,True,96,1.0343789683305784,0.3106467099689314,-0.7765306322296837
ETHUSDT:short:50:1788583895.108819,ETHUSDT,short,50,60,2026-09-05,-0.162473250020425,True,96,1.3411560650735632,-0.009057629165565295,-0.1503255557298399
ETHUSDT:short:50:1788616619.057452,ETHUSDT,short,50,60,2026-09-05,-0.3276288298137108,True,96,0.927050200711187,-0.17698091673097327,-0.16355863543621213
ETHUSDT:short:50:1788679998.591564,ETHUSDT,short,50,60,2026-09-06,-0.130429620121144,True,96,1.4458212056960555,0.03960137953159526,-0.18768613442274215
ETHUSDT:short:50:1788700887.492880,ETHUSDT,short,50,60,2026-09-06,0.3676541227844866,True,96,1.4428531976489969,0.22121952748009877,0.048466820177425984
ETHUSDT:short:50:1788429271.535756,ETHUSDT,short,50,240,2026-09-03,-1.4279920317726758,True,24,,-1.4475035202059061,
ETHUSDT:short:50:1788473699.103550,ETHUSDT,short,50,240,2026-09-03,-0.06846946316365832,True,73,1.0587729009575793,0.7094386939738961,-0.8196039272339566
ETHUSDT:short:50:1788525137.010039,ETHUSDT,short,50,240,2026-09-04,-0.5896946780200051,True,96,1.0343789683305784,0.03213153848568018,-0.6229308656496972
ETHUSDT:short:50:1788583895.108819,ETHUSDT,short,50,240,2026-09-05,-0.3433929592420303,True,96,1.3411560650735632,-0.11485576983558676,-0.18935344691833988
ETHUSDT:short:50:1788616619.057452,ETHUSDT,short,50,240,2026-09-05,-1.2246343244312863,True,96,0.927050200711187,-0.5716684725088683,-0.6946689522516822
ETHUSDT:short:50:1788679998.591564,ETHUSDT,short,50,240,2026-09-06,-0.43008062898632005,True,96,1.4458212056960555,-0.13284007058069758,-0.23801763797458675
ETHUSDT:short:50:1788700887.492880,ETHUSDT,short,50,240,2026-09-06,-0.020462368353448723,True,96,1.4428531976489969,0.15002820078962031,-0.23693103760027814
ETHUSDT:short:60:1788432171.325016,ETHUSDT,short,60,15,2026-09-03,-0.35186804448183107,True,27,,-0.30057636292271095,
ETHUSDT:short:60:1788584957.815997,ETHUSDT,short,60,15,2026-09-05,-0.2459631271573136,True,96,1.342343754845997,-0.08460652301183202,-0.13239208937314675
ETHUSDT:short:60:1788432171.325016,ETHUSDT,short,60,30,2026-09-03,-0.502958954333712,True,27,,-0.4233633565393635,
ETHUSDT:short:60:1788584957.815997,ETHUSDT,short,60,30,2026-09-05,-0.2762269953704565,True,96,1.342343754845997,-0.13509345117814764,-0.09488514486087737
ETHUSDT:short:60:1788432171.325016,ETHUSDT,short,60,60,2026-09-03,-0.9026592837202551,True,27,,-0.6394994525585229,
ETHUSDT:short:60:1788584957.815997,ETHUSDT,short,60,60,2026-09-05,-0.30485497881528534,True,96,1.342343754845997,-0.1403813588663816,-0.11641493844420328
ETHUSDT:short:60:1788432171.325016,ETHUSDT,short,60,240,2026-09-03,-3.082386315600041,True,27,,-3.062444481170079,
ETHUSDT:short:60:1788584957.815997,ETHUSDT,short,60,240,2026-09-05,-0.604221891409975,True,96,1.342343754845997,-0.29713005105349577,-0.2053712230012426
ETHUSDT:short:70:1788584957.815997,ETHUSDT,short,70,15,2026-09-05,-0.2459631271573136,True,96,1.342343754845997,-0.08460652301183202,-0.13239208937314675
ETHUSDT:short:70:1788584957.815997,ETHUSDT,short,70,30,2026-09-05,-0.2762269953704565,True,96,1.342343754845997,-0.13509345117814764,-0.09488514486087737
ETHUSDT:short:70:1788584957.815997,ETHUSDT,short,70,60,2026-09-05,-0.30485497881528534,True,96,1.342343754845997,-0.1403813588663816,-0.11641493844420328
ETHUSDT:short:70:1788584957.815997,ETHUSDT,short,70,240,2026-09-05,-0.604221891409975,True,96,1.342343754845997,-0.29713005105349577,-0.2053712230012426
SOLUSDT:long:50:1788445084.940653,SOLUSDT,long,50,15,2026-09-03,0.969303238469097,True,42,1.2954866069103184,0.9202508280866661,-0.22286938431530878
SOLUSDT:long:50:1788464533.820471,SOLUSDT,long,50,15,2026-09-03,-0.46152357461341154,True,63,1.369654060030429,0.18992292733885918,-0.7216522831359442
SOLUSDT:long:50:1788496156.387563,SOLUSDT,long,50,15,2026-09-04,-0.4750863723608466,True,96,1.3027334803970325,-0.23953172471462558,-0.16304037495785856
SOLUSDT:long:50:1788512428.129730,SOLUSDT,long,50,15,2026-09-04,-0.10081534772182976,True,96,1.278882694376045,0.022320355053961904,-0.12936046353267053
SOLUSDT:long:50:1788539783.735051,SOLUSDT,long,50,15,2026-09-04,-0.07092747080185358,True,96,1.2009646999653407,0.05780593256892175,-0.14035035526570538
SOLUSDT:long:50:1788570640.037419,SOLUSDT,long,50,15,2026-09-05,-0.24753850681841427,True,96,1.2711773629296594,-0.03214868768053325,-0.20667182279102478
SOLUSDT:long:50:1788591320.377654,SOLUSDT,long,50,15,2026-09-05,-0.06125709810064428,True,96,1.2691344494480432,0.04546607753348475,-0.11895966337966549
SOLUSDT:long:50:1788611757.177222,SOLUSDT,long,50,15,2026-09-05,0.23104826913701093,True,96,1.2833488183027557,0.04293855392492052,0.17594312669783502
SOLUSDT:long:50:1788626764.103120,SOLUSDT,long,50,15,2026-09-05,0.03509887553315505,True,96,1.166826442480232,0.08381904593908196,-0.06270340365203109
SOLUSDT:long:50:1788659545.174025,SOLUSDT,long,50,15,2026-09-06,0.02417531718569077,True,96,1.9043674616603927,-0.051513844345663085,0.12227660618260976
SOLUSDT:long:50:1788686934.949801,SOLUSDT,long,50,15,2026-09-06,-0.6256653244685849,True,96,2.2946511171024135,-0.15397142460464863,-0.2723546229976779
SOLUSDT:long:50:1788703289.243687,SOLUSDT,long,50,15,2026-09-06,-0.830612435717628,True,96,2.4566453350979716,-0.1672900885321682,-0.41964002011695034
SOLUSDT:long:50:1788719513.840312,SOLUSDT,long,50,15,2026-09-06,-0.6270898675931912,True,96,2.5832098019023877,-0.009262040652846526,-0.6031640733931396
SOLUSDT:long:50:1788737034.240638,SOLUSDT,long,50,15,2026-09-06,0.17157261098571308,True,96,2.4184725050850906,0.30048354390890264,-0.5551385781884965
SOLUSDT:long:50:1788445084.940653,SOLUSDT,long,50,30,2026-09-03,1.2342688910696653,True,42,1.2954866069103184,1.4541454904043016,-0.6495571162481444
SOLUSDT:long:50:1788464533.820471,SOLUSDT,long,50,30,2026-09-03,-0.29076178730669466,True,63,1.369654060030429,-0.11917694343018814,-0.1275306028755207
SOLUSDT:long:50:1788496156.387563,SOLUSDT,long,50,30,2026-09-04,-0.45589251439539724,True,96,1.3027334803970325,-0.2185957899066615,-0.1711204602101536
SOLUSDT:long:50:1788512428.129730,SOLUSDT,long,50,30,2026-09-04,-0.2926618705035987,True,96,1.278882694376045,-0.07399012725068932,-0.19803717720801073
SOLUSDT:long:50:1788539783.735051,SOLUSDT,long,50,30,2026-09-04,-0.38499165767003285,True,96,1.2009646999653407,-0.12288462888842,-0.2374115562066993
SOLUSDT:long:50:1788570640.037419,SOLUSDT,long,50,30,2026-09-05,0.0565917786716198,True,96,1.2711773629296594,-0.0036418435263030347,0.06122120772158814
SOLUSDT:long:50:1788591320.377654,SOLUSDT,long,50,30,2026-09-05,0.1345525748972155,True,96,1.2691344494480432,0.05375547288488658,0.06632965241263576
SOLUSDT:long:50:1788611757.177222,SOLUSDT,long,50,30,2026-09-05,0.4943344709897747,True,96,1.2833488183027557,0.003766539817973147,0.48950068656528856
SOLUSDT:long:50:1788626764.103120,SOLUSDT,long,50,30,2026-09-05,0.5197828615742451,True,96,1.166826442480232,0.12935655746419972,0.36884620981680327
SOLUSDT:long:50:1788659545.174025,SOLUSDT,long,50,30,2026-09-06,-0.21611687812380864,True,96,1.9043674616603927,-0.1292847452752821,0.030088784067490798
SOLUSDT:long:50:1788686934.949801,SOLUSDT,long,50,30,2026-09-06,-0.43838187096170367,True,96,2.2946511171024135,-0.12157613705582326,-0.15940705225356266
SOLUSDT:long:50:1788703289.243687,SOLUSDT,long,50,30,2026-09-06,-1.4196727442730284,True,96,2.4566453350979716,-0.4175360112278592,-0.39393485005469375
SOLUSDT:long:50:1788719513.840312,SOLUSDT,long,50,30,2026-09-06,-0.7022142924218121,True,96,2.5832098019023877,-0.03241714228496839,-0.6184740127216174
SOLUSDT:long:50:1788737034.240638,SOLUSDT,long,50,30,2026-09-06,0.12454477050415147,True,96,2.4184725050850906,0.3228201528622687,-0.6561868932806114
SOLUSDT:long:50:1788445084.940653,SOLUSDT,long,50,60,2026-09-03,2.2254367026496613,True,42,1.2954866069103184,1.7561758830817453,-0.049665633261640973
SOLUSDT:long:50:1788464533.820471,SOLUSDT,long,50,60,2026-09-03,-0.5374177023052783,True,63,1.369654060030429,-0.13683278690131973,-0.3500041201806072
SOLUSDT:long:50:1788496156.387563,SOLUSDT,long,50,60,2026-09-04,-0.6286372360844527,True,96,1.3027334803970325,-0.24593565771472425,-0.3082486207560166
SOLUSDT:long:50:1788512428.129730,SOLUSDT,long,50,60,2026-09-04,-0.43654676258993097,True,96,1.278882694376045,-0.1563658022564418,-0.2365732440919408
SOLUSDT:long:50:1788539783.735051,SOLUSDT,long,50,60,2026-09-04,-0.6892413386985895,True,96,1.2009646999653407,-0.3939831673137051,-0.21608146237429104
SOLUSDT:long:50:1788570640.037419,SOLUSDT,long,50,60,2026-09-05,-0.22791719807712318,True,96,1.2711773629296594,-0.12043199799069981,-0.07482676845895536
SOLUSDT:long:50:1788591320.377654,SOLUSDT,long,50,60,2026-09-05,-0.10041903270022956,True,96,1.2691344494480432,0.08188917831997156,-0.2043474099430993
SOLUSDT:long:50:1788611757.177222,SOLUSDT,long,50,60,2026-09-05,0.3285616772306189,True,96,1.2833488183027557,0.004143193799777123,0.32324451436367563
SOLUSDT:long:50:1788626764.103120,SOLUSDT,long,50,60,2026-09-05,0.37437766576192477,True,96,1.166826442480232,0.11009068720357895,0.24592094086196875
SOLUSDT:long:50:1788659545.174025,SOLUSDT,long,50,60,2026-09-06,0.17796232218375352,True,96,1.9043674616603927,-0.1740467750708019,0.5094113374355138
SOLUSDT:long:50:1788686934.949801,SOLUSDT,long,50,60,2026-09-06,-0.2698267628055161,True,96,2.2946511171024135,-0.012507833030439564,-0.24112564976968748
SOLUSDT:long:50:1788703289.243687,SOLUSDT,long,50,60,2026-09-06,-1.8871809256662009,True,96,2.4566453350979716,-0.5551274098857806,-0.5234297637852785
SOLUSDT:long:50:1788719513.840312,SOLUSDT,long,50,60,2026-09-06,-0.9651497793219964,True,96,2.5832098019023877,-0.12015620306398134,-0.654761097807746
SOLUSDT:long:50:1788737034.240638,SOLUSDT,long,50,60,2026-09-06,-0.27989465763730503,True,96,2.4184725050850906,0.005864919669318347,-0.2940788046020842
SOLUSDT:long:50:1788445084.940653,SOLUSDT,long,50,240,2026-09-03,2.7063002944062697,True,42,1.2954866069103184,2.5780677134693564,-0.6335519001011898
SOLUSDT:long:50:1788464533.820471,SOLUSDT,long,50,240,2026-09-03,-1.457634000569199,True,63,1.369654060030429,-0.33055662498742144,-1.0048857770852213
SOLUSDT:long:50:1788496156.387563,SOLUSDT,long,50,240,2026-09-04,-0.39831094049904914,True,96,1.3027334803970325,-0.2110834838873421,-0.12332541888016102
SOLUSDT:long:50:1788512428.129730,SOLUSDT,long,50,240,2026-09-04,-2.930551558753005,True,96,1.278882694376045,-2.1383146775448614,-0.19589792251058924
SOLUSDT:long:50:1788539783.735051,SOLUSDT,long,50,240,2026-09-04,-0.2868465992737289,True,96,1.2009646999653407,-0.053542588301402905,-0.2225438407789668
SOLUSDT:long:50:1788570640.037419,SOLUSDT,long,50,240,2026-09-05,-0.3260237417835897,True,96,1.2711773629296594,-0.16325505462765344,-0.11849761195707173
SOLUSDT:long:50:1788591320.377654,SOLUSDT,long,50,240,2026-09-05,0.26182886234578995,True,96,1.2691344494480432,-0.037427875980600156,0.30932986912243854
SOLUSDT:long:50:1788611757.177222,SOLUSDT,long,50,240,2026-09-05,0.4358264261336099,True,96,1.2833488183027557,0.34689831723555553,-0.009365119361854801
SOLUSDT:long:50:1788626764.103120,SOLUSDT,long,50,240,2026-09-05,0.015711516091507893,True,96,1.166826442480232,-0.2588382179820714,0.31773079315745106
SOLUSDT:long:50:1788659545.174025,SOLUSDT,long,50,240,2026-09-06,2.35020376778162,True,96,1.9043674616603927,-0.02513175415893576,2.3980638626563455
SOLUSDT:long:50:1788686934.949801,SOLUSDT,long,50,240,2026-09-06,-0.6912145331959961,True,96,2.2946511171024135,-0.24452813574501464,-0.13010777334572765
SOLUSDT:long:50:1788703289.243687,SOLUSDT,long,50,240,2026-09-06,-0.8399625993454806,True,96,2.4566453350979716,-0.11140141476037035,-0.5662888334511025
SOLUSDT:long:50:1788719513.840312,SOLUSDT,long,50,240,2026-09-06,-0.9088064607005196,True,96,2.5832098019023877,-0.065585260839085,-0.7393859720406705
SOLUSDT:long:60:1788445938.808902,SOLUSDT,long,60,15,2026-09-03,-0.0908624708624649,True,43,1.298768005888387,0.20944967755278654,-0.36288901091166315
SOLUSDT:long:60:1788593624.828119,SOLUSDT,long,60,15,2026-09-05,-0.3250180611149144,True,96,1.2618765752350025,0.039034406758586826,-0.37427466463176995
SOLUSDT:long:60:1788612497.930339,SOLUSDT,long,60,15,2026-09-05,0.0743068104536927,True,96,1.001758434077541,-0.057844882860969005,0.1322534097278958
SOLUSDT:long:60:1788631037.852192,SOLUSDT,long,60,15,2026-09-05,-0.2545377666730707,True,96,1.2167462027042524,-0.060866326548458805,-0.18047889497267644
SOLUSDT:long:60:1788672885.066360,SOLUSDT,long,60,15,2026-09-06,0.33278747287991195,True,96,2.268890694211413,0.1167944980152491,0.0677935231980199
SOLUSDT:long:60:1788689453.983403,SOLUSDT,long,60,15,2026-09-06,-0.07309128436062895,True,96,2.512534128846925,0.04443843586721119,-0.18474437110957237
SOLUSDT:long:60:1788738085.248500,SOLUSDT,long,60,15,2026-09-06,-0.3734259433076835,True,96,2.397443373146676,-0.05266067106874939,-0.2471749664284534
SOLUSDT:long:60:1788445938.808902,SOLUSDT,long,60,30,2026-09-03,2.2692773892773888,True,43,1.298768005888387,1.3918188028402945,0.4616276581545373
SOLUSDT:long:60:1788593624.828119,SOLUSDT,long,60,30,2026-09-05,-0.354306355559899,True,96,1.2618765752350025,-0.04167017055901612,-0.3017237434454293
SOLUSDT:long:60:1788612497.930339,SOLUSDT,long,60,30,2026-09-05,0.025730107840269523,True,96,1.001758434077541,-0.07277664221120306,0.09863472297918577
SOLUSDT:long:60:1788631037.852192,SOLUSDT,long,60,30,2026-09-05,-0.2929771285796766,True,96,1.2167462027042524,-0.09436155347862796,-0.1781630667032818
SOLUSDT:long:60:1788672885.066360,SOLUSDT,long,60,30,2026-09-06,0.11582680879161711,True,96,2.268890694211413,0.04731867122160782,0.008465915994461726
SOLUSDT:long:60:1788689453.983403,SOLUSDT,long,60,30,2026-09-06,-0.1762904587672386,True,96,2.512534128846925,0.08737472742339492,-0.3958224434172157
SOLUSDT:long:60:1788738085.248500,SOLUSDT,long,60,30,2026-09-06,-0.12,True,96,2.397443373146676,-0.027015048751599657,-0.05523295039524301
SOLUSDT:long:60:1788445938.808902,SOLUSDT,long,60,60,2026-09-03,1.239751359751371,True,43,1.298768005888387,1.1858787548335803,-0.3004300258892416
SOLUSDT:long:60:1788593624.828119,SOLUSDT,long,60,60,2026-09-05,-0.39335741481987474,True,96,1.2618765752350025,-0.13593010456451893,-0.2218304000006638
SOLUSDT:long:60:1788612497.930339,SOLUSDT,long,60,60,2026-09-05,-0.12,True,96,1.001758434077541,-0.05884869861561004,-0.06104781982732533
SOLUSDT:long:60:1788631037.852192,SOLUSDT,long,60,60,2026-09-05,-0.32180665000961717,True,96,1.2167462027042524,-0.06399088129941388,-0.24394598818085678
SOLUSDT:long:60:1788672885.066360,SOLUSDT,long,60,60,2026-09-06,-0.7142835581548955,True,96,2.268890694211413,-0.12530685156832977,-0.4299760087105813
SOLUSDT:long:60:1788689453.983403,SOLUSDT,long,60,60,2026-09-06,-0.24196266066235583,True,96,2.512534128846925,0.0421852194006922,-0.3479544641394904
SOLUSDT:long:60:1788738085.248500,SOLUSDT,long,60,60,2026-09-06,-0.6737826168575233,False,96,2.397443373146676,-0.3200723057157462,0.0935726114084694
SOLUSDT:long:60:1788445938.808902,SOLUSDT,long,60,240,2026-09-03,1.686526806526798,True,43,1.298768005888387,1.4484742512268056,-0.19470520831971494
SOLUSDT:long:60:1788593624.828119,SOLUSDT,long,60,240,2026-09-05,-0.33478082592991665,True,96,1.2618765752350025,-0.09212622045278174,-0.2185289063756156
SOLUSDT:long:60:1788612497.930339,SOLUSDT,long,60,240,2026-09-05,0.10345283202174216,True,96,1.001758434077541,0.29512183186337637,-0.1921879521278091
SOLUSDT:long:60:1788631037.852192,SOLUSDT,long,60,240,2026-09-05,-0.514003459542569,True,96,1.2167462027042524,-0.17422517291285633,-0.30201564198535924
SOLUSDT:long:60:1788672885.066360,SOLUSDT,long,60,240,2026-09-06,0.5969134987265347,True,96,2.268890694211413,0.06146419992014707,0.4574579475005631
SOLUSDT:long:60:1788689453.983403,SOLUSDT,long,60,240,2026-09-06,-0.1387634862557573,True,96,2.512534128846925,-0.18013213862789756,0.31382465974902085
SOLUSDT:long:70:1788450106.148623,SOLUSDT,long,70,15,2026-09-03,0.32954567192729833,True,47,1.4651342122110438,0.38889156635439903,-0.240232666778873
SOLUSDT:long:70:1788593624.828119,SOLUSDT,long,70,15,2026-09-05,-0.3250180611149144,True,96,1.2618765752350025,0.039034406758586826,-0.37427466463176995
SOLUSDT:long:70:1788612497.930339,SOLUSDT,long,70,15,2026-09-05,0.0743068104536927,True,96,1.001758434077541,-0.057844882860969005,0.1322534097278958
SOLUSDT:long:70:1788450106.148623,SOLUSDT,long,70,30,2026-09-03,-0.29216642754661615,True,47,1.4651342122110438,0.025209367504386293,-0.32910153434549383
SOLUSDT:long:70:1788593624.828119,SOLUSDT,long,70,30,2026-09-05,-0.354306355559899,True,96,1.2618765752350025,-0.04167017055901612,-0.3017237434454293
SOLUSDT:long:70:1788612497.930339,SOLUSDT,long,70,30,2026-09-05,0.025730107840269523,True,96,1.001758434077541,-0.07277664221120306,0.09863472297918577
SOLUSDT:long:70:1788450106.148623,SOLUSDT,long,70,60,2026-09-03,-0.4260736489717719,True,47,1.4651342122110438,-0.16583809407295647,-0.18309858365760986
SOLUSDT:long:70:1788593624.828119,SOLUSDT,long,70,60,2026-09-05,-0.39335741481987474,True,96,1.2618765752350025,-0.13593010456451893,-0.2218304000006638
SOLUSDT:long:70:1788612497.930339,SOLUSDT,long,70,60,2026-09-05,-0.12,True,96,1.001758434077541,-0.05884869861561004,-0.06104781982732533
SOLUSDT:long:70:1788450106.148623,SOLUSDT,long,70,240,2026-09-03,0.7025729316116759,True,47,1.4651342122110438,0.7872984331883659,-0.4509249380727497
SOLUSDT:long:70:1788593624.828119,SOLUSDT,long,70,240,2026-09-05,-0.33478082592991665,True,96,1.2618765752350025,-0.09212622045278174,-0.2185289063756156
SOLUSDT:long:70:1788612497.930339,SOLUSDT,long,70,240,2026-09-05,0.10345283202174216,True,96,1.001758434077541,0.29512183186337637,-0.1921879521278091
SOLUSDT:long:80:1788593624.828119,SOLUSDT,long,80,15,2026-09-05,-0.3250180611149144,True,96,1.2618765752350025,0.039034406758586826,-0.37427466463176995
SOLUSDT:long:80:1788612497.930339,SOLUSDT,long,80,15,2026-09-05,0.0743068104536927,True,96,1.001758434077541,-0.057844882860969005,0.1322534097278958
SOLUSDT:long:80:1788593624.828119,SOLUSDT,long,80,30,2026-09-05,-0.354306355559899,True,96,1.2618765752350025,-0.04167017055901612,-0.3017237434454293
SOLUSDT:long:80:1788612497.930339,SOLUSDT,long,80,30,2026-09-05,0.025730107840269523,True,96,1.001758434077541,-0.07277664221120306,0.09863472297918577
SOLUSDT:long:80:1788593624.828119,SOLUSDT,long,80,60,2026-09-05,-0.39335741481987474,True,96,1.2618765752350025,-0.13593010456451893,-0.2218304000006638
SOLUSDT:long:80:1788612497.930339,SOLUSDT,long,80,60,2026-09-05,-0.12,True,96,1.001758434077541,-0.05884869861561004,-0.06104781982732533
SOLUSDT:long:80:1788593624.828119,SOLUSDT,long,80,240,2026-09-05,-0.33478082592991665,True,96,1.2618765752350025,-0.09212622045278174,-0.2185289063756156
SOLUSDT:long:80:1788612497.930339,SOLUSDT,long,80,240,2026-09-05,0.10345283202174216,True,96,1.001758434077541,0.29512183186337637,-0.1921879521278091
SOLUSDT:short:50:1788429331.976012,SOLUSDT,short,50,15,2026-09-03,-0.050104842735889554,True,24,,-0.014948993004915145,
SOLUSDT:short:50:1788477611.751687,SOLUSDT,short,50,15,2026-09-03,-0.18734654608429036,True,78,1.3135353446622082,0.036954550829748634,-0.2358876547452813
SOLUSDT:short:50:1788501265.112018,SOLUSDT,short,50,15,2026-09-04,-0.5262288422477911,True,96,1.2988999625983728,-0.18644229258448775,-0.28405895538304504
SOLUSDT:short:50:1788525454.315506,SOLUSDT,short,50,15,2026-09-04,-0.6144620253164667,True,96,1.2586479813873492,-0.0786656295389987,-0.5154496894926409
SOLUSDT:short:50:1788544247.371951,SOLUSDT,short,50,15,2026-09-04,-0.47601265822784444,True,96,1.188751532835726,-0.1451601734871799,-0.3034532794882594
SOLUSDT:short:50:1788584770.719769,SOLUSDT,short,50,15,2026-09-05,-0.257890278735342,True,96,1.2674821247528092,-0.09681309910187785,-0.13518140618178956
SOLUSDT:short:50:1788607728.908797,SOLUSDT,short,50,15,2026-09-05,-0.10044009779951668,True,96,1.26650271766031,-0.0038952993788754497,-0.09550669055007041
SOLUSDT:short:50:1788647148.882851,SOLUSDT,short,50,15,2026-09-05,0.0057253384913004135,True,96,1.5278411588233727,0.05012380580032838,-0.07085587504731099
SOLUSDT:short:50:1788704520.391703,SOLUSDT,short,50,15,2026-09-06,-0.16725451280596093,True,96,2.5267146634563638,0.05401433264036193,-0.3037333191251731
SOLUSDT:short:50:1788429331.976012,SOLUSDT,short,50,30,2026-09-03,-0.07007488766848302,True,24,,0.020877041955114084,
SOLUSDT:short:50:1788477611.751687,SOLUSDT,short,50,30,2026-09-03,-0.12,True,78,1.3135353446622082,-0.04828727975088043,-0.056572951349626796
SOLUSDT:short:50:1788501265.112018,SOLUSDT,short,50,30,2026-09-04,-0.29409807524904064,True,96,1.2988999625983728,0.02523837271881657,-0.32688019662955525
SOLUSDT:short:50:1788525454.315506,SOLUSDT,short,50,30,2026-09-04,-0.33756329113924444,True,96,1.2586479813873492,0.2938947919577273,-0.7074733777770928
SOLUSDT:short:50:1788544247.371951,SOLUSDT,short,50,30,2026-09-04,-0.3870094936708889,True,96,1.188751532835726,-0.1819223336417819,-0.17074904069716826
SOLUSDT:short:50:1788584770.719769,SOLUSDT,short,50,30,2026-09-05,-0.33668472372697866,True,96,1.2674821247528092,-0.14427543767328022,-0.15381818543520795
SOLUSDT:short:50:1788607728.908797,SOLUSDT,short,50,30,2026-09-05,-0.14933985330073607,True,96,1.26650271766031,0.014198994510139507,-0.16732291843587158
SOLUSDT:short:50:1788647148.882851,SOLUSDT,short,50,30,2026-09-05,-0.042630560928415995,True,96,1.5278411588233727,0.047868234539305554,-0.11576561985777759
SOLUSDT:short:50:1788704520.391703,SOLUSDT,short,50,30,2026-09-06,-0.39407617427464003,True,96,2.5267146634563638,-0.0825288756853837,-0.18554925392181368
SOLUSDT:short:50:1788429331.976012,SOLUSDT,short,50,60,2026-09-03,-0.2897453819270889,True,24,,-0.16121715732011488,
SOLUSDT:short:50:1788477611.751687,SOLUSDT,short,50,60,2026-09-03,0.0627977679430437,True,78,1.3135353446622082,0.023897276203255213,0.03140785100891288
SOLUSDT:short:50:1788501265.112018,SOLUSDT,short,50,60,2026-09-04,-0.24573749879098983,True,96,1.2988999625983728,0.12124316306092453,-0.4032202387561331
SOLUSDT:short:50:1788525454.315506,SOLUSDT,short,50,60,2026-09-04,-0.41667721518986667,True,96,1.2586479813873492,0.29477584700856596,-0.7876962399889442
SOLUSDT:short:50:1788544247.371951,SOLUSDT,short,50,60,2026-09-04,-0.5056803797468444,True,96,1.188751532835726,-0.15271404201209204,-0.32414132821943054
SOLUSDT:short:50:1788584770.719769,SOLUSDT,short,50,60,2026-09-05,-0.4351777799665023,True,96,1.2674821247528092,-0.19375209300100948,-0.18960046545427892
SOLUSDT:short:50:1788607728.908797,SOLUSDT,short,50,60,2026-09-05,-0.19823960880195546,True,96,1.26650271766031,-0.03267025285518255,-0.15686264477421724
SOLUSDT:short:50:1788647148.882851,SOLUSDT,short,50,60,2026-09-05,0.14112185686655299,True,96,1.5278411588233727,0.08082463685302743,0.017634650035545277
SOLUSDT:short:50:1788704520.391703,SOLUSDT,short,50,60,2026-09-06,-0.17670541536717532,True,96,2.5267146634563638,-0.030524378678165043,-0.09957902016816093
SOLUSDT:short:50:1788429331.976012,SOLUSDT,short,50,240,2026-09-03,-1.3082176734897555,True,24,,-1.4564958529431404,
SOLUSDT:short:50:1788477611.751687,SOLUSDT,short,50,240,2026-09-03,0.01469309216855852,True,78,1.3135353446622082,0.38161732823525085,-0.48657475660400273
SOLUSDT:short:50:1788501265.112018,SOLUSDT,short,50,240,2026-09-04,-0.9227855692039898,True,96,1.2988999625983728,-0.30013868733242965,-0.5329354394535721
SOLUSDT:short:50:1788525454.315506,SOLUSDT,short,50,240,2026-09-04,-0.8518037974683556,True,96,1.2586479813873492,-0.3020760174297754,-0.471596427904839
SOLUSDT:short:50:1788544247.371951,SOLUSDT,short,50,240,2026-09-04,-0.7034651898734,False,96,1.188751532835726,-0.35100309079121317,-0.2862097276652678
SOLUSDT:short:50:1788584770.719769,SOLUSDT,short,50,240,2026-09-05,-1.2428208411307118,True,96,1.2674821247528092,-0.2937125620346759,-0.8705454189364095
SOLUSDT:short:50:1788607728.908797,SOLUSDT,short,50,240,2026-09-05,-0.5111980440097773,True,96,1.26650271766031,-0.08343479959940225,-0.405527643569691
SOLUSDT:short:50:1788647148.882851,SOLUSDT,short,50,240,2026-09-05,-0.7292843326885866,True,96,1.5278411588233727,-0.08596232694757511,-0.5979475514698498
SOLUSDT:short:50:1788704520.391703,SOLUSDT,short,50,240,2026-09-06,-0.5641924203761438,True,96,2.5267146634563638,-0.31579542385549164,0.23373250773194454
SOLUSDT:short:60:1788477860.029869,SOLUSDT,short,60,15,2026-09-03,-0.41862248338310415,True,78,1.3135353446622082,-0.17042744880091387,-0.1947600056824949
SOLUSDT:short:60:1788525454.315506,SOLUSDT,short,60,15,2026-09-04,-0.6144620253164667,True,96,1.2586479813873492,-0.0786656295389987,-0.5154496894926409
SOLUSDT:short:60:1788607728.908797,SOLUSDT,short,60,15,2026-09-05,-0.10044009779951668,True,96,1.26650271766031,-0.0038952993788754497,-0.09550669055007041
SOLUSDT:short:60:1788647209.958530,SOLUSDT,short,60,15,2026-09-05,-0.03292569659442346,True,96,1.5278411588233727,0.03259158234639736,-0.08272045753443058
SOLUSDT:short:60:1788477860.029869,SOLUSDT,short,60,30,2026-09-03,-0.12,True,78,1.3135353446622082,-0.10104881273806932,0.012731187067606814
SOLUSDT:short:60:1788525454.315506,SOLUSDT,short,60,30,2026-09-04,-0.33756329113924444,True,96,1.2586479813873492,0.2938947919577273,-0.7074733777770928
SOLUSDT:short:60:1788607728.908797,SOLUSDT,short,60,30,2026-09-05,-0.14933985330073607,True,96,1.26650271766031,0.014198994510139507,-0.16732291843587158
SOLUSDT:short:60:1788647209.958530,SOLUSDT,short,60,30,2026-09-05,-0.061950464396278604,True,96,1.5278411588233727,0.03234087786680995,-0.11136218871367068
SOLUSDT:short:60:1788477860.029869,SOLUSDT,short,60,60,2026-09-03,-0.13926596666987912,True,78,1.3135353446622082,-0.14726016002681863,0.05416545838596004
SOLUSDT:short:60:1788525454.315506,SOLUSDT,short,60,60,2026-09-04,-0.41667721518986667,True,96,1.2586479813873492,0.29477584700856596,-0.7876962399889442
SOLUSDT:short:60:1788607728.908797,SOLUSDT,short,60,60,2026-09-05,-0.19823960880195546,True,96,1.26650271766031,-0.03267025285518255,-0.15686264477421724
SOLUSDT:short:60:1788647209.958530,SOLUSDT,short,60,60,2026-09-05,0.0928482972136192,True,96,1.5278411588233727,0.04612962424412892,0.02236955865238252
SOLUSDT:short:60:1788477860.029869,SOLUSDT,short,60,240,2026-09-03,-0.19706386667951648,True,78,1.3135353446622082,0.31916637194095987,-0.6163001770515717
SOLUSDT:short:60:1788525454.315506,SOLUSDT,short,60,240,2026-09-04,-0.8518037974683556,True,96,1.2586479813873492,-0.3020760174297754,-0.471596427904839
SOLUSDT:short:60:1788607728.908797,SOLUSDT,short,60,240,2026-09-05,-0.5111980440097773,True,96,1.26650271766031,-0.08343479959940225,-0.405527643569691
SOLUSDT:short:60:1788647209.958530,SOLUSDT,short,60,240,2026-09-05,-0.7004953560371473,True,96,1.5278411588233727,-0.11820716212558313,-0.519893588473974
SOLUSDT:short:70:1788477860.029869,SOLUSDT,short,70,15,2026-09-03,-0.41862248338310415,True,78,1.3135353446622082,-0.17042744880091387,-0.1947600056824949
SOLUSDT:short:70:1788533355.598924,SOLUSDT,short,70,15,2026-09-04,-0.48819584038212394,True,96,1.3175405614993427,-0.27558285138082894,-0.12510425563423666
SOLUSDT:short:70:1788650017.418206,SOLUSDT,short,70,15,2026-09-05,-0.17817335660267541,True,96,1.6163343582654004,-0.07652702784077814,-0.05448009216769285
SOLUSDT:short:70:1788477860.029869,SOLUSDT,short,70,30,2026-09-03,-0.12,True,78,1.3135353446622082,-0.10104881273806932,0.012731187067606814
SOLUSDT:short:70:1788533355.598924,SOLUSDT,short,70,30,2026-09-04,-0.7966842471887857,True,96,1.3175405614993427,-0.5916776518817279,-0.01712494150192123
SOLUSDT:short:70:1788650017.418206,SOLUSDT,short,70,30,2026-09-05,-0.09091332169866229,True,96,1.6163343582654004,-0.08079246873684554,0.03967432140978436
SOLUSDT:short:70:1788477860.029869,SOLUSDT,short,70,60,2026-09-03,-0.13926596666987912,True,78,1.3135353446622082,-0.14726016002681863,0.05416545838596004
SOLUSDT:short:70:1788533355.598924,SOLUSDT,short,70,60,2026-09-04,-0.9957090257737188,True,96,1.3175405614993427,-0.8090960120494595,0.07030778824880513
SOLUSDT:short:70:1788650017.418206,SOLUSDT,short,70,60,2026-09-05,-0.2751289509404752,True,96,1.6163343582654004,-0.18542122483389267,0.024573745510199252
SOLUSDT:short:70:1788477860.029869,SOLUSDT,short,70,240,2026-09-03,-0.19706386667951648,True,78,1.3135353446622082,0.31916637194095987,-0.6163001770515717
SOLUSDT:short:70:1788533355.598924,SOLUSDT,short,70,240,2026-09-04,-1.1250751318539276,True,96,1.3175405614993427,-1.0328642075024597,0.23576535605143678
SOLUSDT:short:70:1788650017.418206,SOLUSDT,short,70,240,2026-09-05,-1.3707271669575327,True,96,1.6163343582654004,-0.2288283586583617,-1.0008640287125448
SOLUSDT:short:80:1788477860.029869,SOLUSDT,short,80,15,2026-09-03,-0.41862248338310415,True,78,1.3135353446622082,-0.17042744880091387,-0.1947600056824949
SOLUSDT:short:80:1788650017.418206,SOLUSDT,short,80,15,2026-09-05,-0.17817335660267541,True,96,1.6163343582654004,-0.07652702784077814,-0.05448009216769285
SOLUSDT:short:80:1788477860.029869,SOLUSDT,short,80,30,2026-09-03,-0.12,True,78,1.3135353446622082,-0.10104881273806932,0.012731187067606814
SOLUSDT:short:80:1788650017.418206,SOLUSDT,short,80,30,2026-09-05,-0.09091332169866229,True,96,1.6163343582654004,-0.08079246873684554,0.03967432140978436
SOLUSDT:short:80:1788477860.029869,SOLUSDT,short,80,60,2026-09-03,-0.13926596666987912,True,78,1.3135353446622082,-0.14726016002681863,0.05416545838596004
SOLUSDT:short:80:1788650017.418206,SOLUSDT,short,80,60,2026-09-05,-0.2751289509404752,True,96,1.6163343582654004,-0.18542122483389267,0.024573745510199252
SOLUSDT:short:80:1788477860.029869,SOLUSDT,short,80,240,2026-09-03,-0.19706386667951648,True,78,1.3135353446622082,0.31916637194095987,-0.6163001770515717
SOLUSDT:short:80:1788650017.418206,SOLUSDT,short,80,240,2026-09-05,-1.3707271669575327,True,96,1.6163343582654004,-0.2288283586583617,-1.0008640287125448
