event_id,symbol,control_ts,control_utc,control_exit_ts,distance,net
BTCUSDT:long:50:1788455891.082260,BTCUSDT,1788439918.1127045,2026-09-03T12:51:58.112705+00:00,1788454351.1870148,0.6723747581283682,3.2760684090192482
BTCUSDT:long:50:1788455891.082260,BTCUSDT,1788421305.5862474,2026-09-03T07:41:45.586247+00:00,1788435739.9110835,0.8054450815585212,-0.19064102564103835
BTCUSDT:long:50:1788513426.338592,BTCUSDT,1788436707.9841254,2026-09-03T11:58:27.984125+00:00,1788451149.743798,0.3365853362978811,4.213941488774773
BTCUSDT:long:50:1788513426.338592,BTCUSDT,1788464409.1536765,2026-09-03T19:40:09.153677+00:00,1788478851.7291167,0.39201099925578364,-0.36766540379400625
BTCUSDT:long:50:1788513426.338592,BTCUSDT,1788421365.8779,2026-09-03T07:42:45.877900+00:00,1788435800.4301314,0.4246610269411512,-0.2085720291839087
BTCUSDT:long:50:1788513426.338592,BTCUSDT,1788496217.3848503,2026-09-04T04:30:17.384850+00:00,1788510679.097677,0.6163945302032436,-0.3482256257739812
BTCUSDT:long:50:1788548706.778625,BTCUSDT,1788522939.365052,2026-09-04T11:55:39.365052+00:00,1788537390.0734265,0.42107431452197475,-2.4141943740309557
BTCUSDT:long:50:1788548706.778625,BTCUSDT,1788461750.8814578,2026-09-03T18:55:50.881458+00:00,1788476182.672703,0.5764189419549091,-0.2345747735916247
BTCUSDT:long:50:1788548706.778625,BTCUSDT,1788436768.459136,2026-09-03T11:59:28.459136+00:00,1788451211.2461505,0.5932765913879717,4.228266813798762
BTCUSDT:long:50:1788548706.778625,BTCUSDT,1788421426.1389031,2026-09-03T07:43:46.138903+00:00,1788435860.952509,0.7240197206694112,-0.2844150897939678
BTCUSDT:long:50:1788548706.778625,BTCUSDT,1788502384.8909059,2026-09-04T06:13:04.890906+00:00,1788516806.0117593,0.7333206932475964,-0.24907604504088787
BTCUSDT:long:50:1788599163.482048,BTCUSDT,1788558177.4454608,2026-09-04T21:42:57.445461+00:00,1788572638.5785537,0.2843366244617879,-0.31892759712771823
BTCUSDT:long:50:1788599163.482048,BTCUSDT,1788519934.0899053,2026-09-04T11:05:34.089905+00:00,1788534364.9650736,0.45730917621633693,-2.7267247802244676
BTCUSDT:long:50:1788599163.482048,BTCUSDT,1788502571.9038627,2026-09-04T06:16:11.903863+00:00,1788516993.8131711,0.5416642064565466,-0.3177802195088807
BTCUSDT:long:50:1788599163.482048,BTCUSDT,1788438160.7358663,2026-09-03T12:22:40.735866+00:00,1788452565.2154055,0.5548183646028519,3.536920778046424
BTCUSDT:long:50:1788599163.482048,BTCUSDT,1788470226.1410942,2026-09-03T21:17:06.141094+00:00,1788484635.6903338,0.5788413131251909,-0.8399239473764885
BTCUSDT:long:50:1788624079.365264,BTCUSDT,1788599599.2435572,2026-09-05T09:13:19.243557+00:00,1788614036.4365928,0.0672873246644718,-0.16994014711010574
BTCUSDT:long:50:1788624079.365264,BTCUSDT,1788558052.164481,2026-09-04T21:40:52.164481+00:00,1788572513.6990569,0.14801364098366923,-0.2799618899572608
BTCUSDT:long:50:1788624079.365264,BTCUSDT,1788519934.0899053,2026-09-04T11:05:34.089905+00:00,1788534364.9650736,0.40471763048788356,-2.7267247802244676
BTCUSDT:long:50:1788624079.365264,BTCUSDT,1788502571.9038627,2026-09-04T06:16:11.903863+00:00,1788516993.8131711,0.5553294293879779,-0.3177802195088807
BTCUSDT:long:50:1788624079.365264,BTCUSDT,1788470226.1410942,2026-09-03T21:17:06.141094+00:00,1788484635.6903338,0.6049854559934391,-0.8399239473764885
BTCUSDT:long:50:1788653741.911188,BTCUSDT,1788625482.4120584,2026-09-05T16:24:42.412058+00:00,1788639886.494949,0.13374661751261027,-0.21183242649334344
BTCUSDT:long:50:1788653741.911188,BTCUSDT,1788592004.3435562,2026-09-05T07:06:44.343556+00:00,1788606426.2146974,0.18343591373880724,-0.13845636951911533
BTCUSDT:long:50:1788653741.911188,BTCUSDT,1788558052.164481,2026-09-04T21:40:52.164481+00:00,1788572513.6990569,0.3144269930312449,-0.2799618899572608
BTCUSDT:long:50:1788653741.911188,BTCUSDT,1788519996.6866374,2026-09-04T11:06:36.686637+00:00,1788534428.1230712,0.327036285460703,-2.698728358488758
BTCUSDT:long:50:1788653741.911188,BTCUSDT,1788502571.9038627,2026-09-04T06:16:11.903863+00:00,1788516993.8131711,0.5162300347719474,-0.3177802195088807
BTCUSDT:long:50:1788686995.410030,BTCUSDT,1788620353.8786273,2026-09-05T14:59:13.878627+00:00,1788634760.5081143,0.2508605450817392,0.19414348227547518
BTCUSDT:long:50:1788686995.410030,BTCUSDT,1788591007.6668746,2026-09-05T06:50:07.666875+00:00,1788605433.6803138,0.3452794249508907,-0.22385585259754526
BTCUSDT:long:50:1788686995.410030,BTCUSDT,1788666760.3260233,2026-09-06T03:52:40.326023+00:00,1788681163.3864126,0.39168263857740143,-0.4328826689991149
BTCUSDT:long:50:1788686995.410030,BTCUSDT,1788520622.6489904,2026-09-04T11:17:02.648990+00:00,1788535058.258182,0.6070052877649605,-2.5646552425067326
BTCUSDT:long:50:1788686995.410030,BTCUSDT,1788540725.448623,2026-09-04T16:52:05.448623+00:00,1788555167.763903,0.7443869637348492,-0.3010874520807526
BTCUSDT:long:50:1788718896.157697,BTCUSDT,1788666760.3260233,2026-09-06T03:52:40.326023+00:00,1788681163.3864126,0.17287748643500045,-0.4328826689991149
BTCUSDT:long:50:1788718896.157697,BTCUSDT,1788626519.5449317,2026-09-05T16:41:59.544932+00:00,1788640924.5005865,0.21996059176435373,-0.36464992535361274
BTCUSDT:long:50:1788718896.157697,BTCUSDT,1788686872.4662523,2026-09-06T09:27:52.466252+00:00,1788701317.3829608,0.2645305057941602,-0.3418958965519713
BTCUSDT:long:50:1788718896.157697,BTCUSDT,1788593685.8272455,2026-09-05T07:34:45.827245+00:00,1788608099.6616235,0.2930213780722051,-0.26564184650278644
BTCUSDT:long:50:1788718896.157697,BTCUSDT,1788558114.807964,2026-09-04T21:41:54.807964+00:00,1788572576.06975,0.6118780134226712,-0.31255600546579376
BTCUSDT:long:50:1788736168.197905,BTCUSDT,1788627556.5081632,2026-09-05T16:59:16.508163+00:00,1788641961.6619537,0.8607103678437468,-0.5741661878519343
BTCUSDT:long:60:1788459037.146044,BTCUSDT,1788444536.3960996,2026-09-03T14:08:56.396100+00:00,1788458975.5118146,0.5416736443892959,2.85317098521781
BTCUSDT:long:60:1788459037.146044,BTCUSDT,1788421305.5862474,2026-09-03T07:41:45.586247+00:00,1788435739.9110835,0.8846087399127212,-0.19064102564103835
BTCUSDT:long:60:1788521248.493106,BTCUSDT,1788496217.3848503,2026-09-04T04:30:17.384850+00:00,1788510679.097677,0.4164416313216549,-0.3482256257739812
BTCUSDT:long:60:1788521248.493106,BTCUSDT,1788435982.0147266,2026-09-03T11:46:22.014727+00:00,1788450412.1046112,0.4213727698819469,3.44390122880319
BTCUSDT:long:60:1788521248.493106,BTCUSDT,1788463481.6862276,2026-09-03T19:24:41.686228+00:00,1788477920.9801445,0.4470112290487208,-0.5703642417416964
BTCUSDT:long:60:1788521248.493106,BTCUSDT,1788421305.5862474,2026-09-03T07:41:45.586247+00:00,1788435739.9110835,0.5967163174364979,-0.19064102564103835
BTCUSDT:long:60:1788549899.506735,BTCUSDT,1788520559.9226906,2026-09-04T11:15:59.922691+00:00,1788534995.3076878,0.4196721819528132,-2.5683222998039623
BTCUSDT:long:60:1788549899.506735,BTCUSDT,1788436707.9841254,2026-09-03T11:58:27.984125+00:00,1788451149.743798,0.45270502862392326,4.213941488774773
BTCUSDT:long:60:1788549899.506735,BTCUSDT,1788462059.1845605,2026-09-03T19:00:59.184561+00:00,1788476493.071566,0.6819516231067887,-0.2513877601280544
BTCUSDT:long:60:1788549899.506735,BTCUSDT,1788420221.0444462,2026-09-03T07:23:41.044446+00:00,1788434650.8091054,0.7049155161829663,-0.31607113958495237
BTCUSDT:long:60:1788549899.506735,BTCUSDT,1788502571.9038627,2026-09-04T06:16:11.903863+00:00,1788516993.8131711,0.8523406878862402,-0.3177802195088807
BTCUSDT:long:60:1788626092.492374,BTCUSDT,1788521311.0678926,2026-09-04T11:28:31.067893+00:00,1788535751.8808622,0.4698718219535069,-2.5095980610722957
BTCUSDT:long:60:1788626092.492374,BTCUSDT,1788593685.8272455,2026-09-05T07:34:45.827245+00:00,1788608099.6616235,0.6559398778608218,-0.26564184650278644
BTCUSDT:long:60:1788626092.492374,BTCUSDT,1788540725.448623,2026-09-04T16:52:05.448623+00:00,1788555167.763903,0.7739914852901684,-0.3010874520807526
BTCUSDT:long:60:1788626092.492374,BTCUSDT,1788558114.807964,2026-09-04T21:41:54.807964+00:00,1788572576.06975,0.8560989129197799,-0.31255600546579376
BTCUSDT:long:60:1788626092.492374,BTCUSDT,1788496217.3848503,2026-09-04T04:30:17.384850+00:00,1788510679.097677,0.9338369289109177,-0.3482256257739812
BTCUSDT:long:60:1788691726.477256,BTCUSDT,1788667005.1519704,2026-09-06T03:56:45.151970+00:00,1788681408.789393,0.2950277612849797,-0.36308944816821
BTCUSDT:long:60:1788691726.477256,BTCUSDT,1788626458.5199828,2026-09-05T16:40:58.519983+00:00,1788640863.4026108,0.4249259110704467,-0.3780987559439696
BTCUSDT:long:60:1788691726.477256,BTCUSDT,1788601152.1313045,2026-09-05T09:39:12.131305+00:00,1788615574.2829068,0.4823232656082263,-0.16820777551245436
BTCUSDT:long:60:1788691726.477256,BTCUSDT,1788558114.807964,2026-09-04T21:41:54.807964+00:00,1788572576.06975,0.6149610205077825,-0.31255600546579376
BTCUSDT:long:60:1788691726.477256,BTCUSDT,1788522062.6255674,2026-09-04T11:41:02.625567+00:00,1788536507.4002388,0.7288907672493838,-2.2626759685875486
BTCUSDT:long:60:1788719759.288359,BTCUSDT,1788691603.5313592,2026-09-06T10:46:43.531359+00:00,1788706060.6473458,0.32056660264100406,-0.6809365113900311
BTCUSDT:long:60:1788719759.288359,BTCUSDT,1788626214.5092678,2026-09-05T16:36:54.509268+00:00,1788640619.142138,0.36759479461494776,-0.3813700344072489
BTCUSDT:long:60:1788719759.288359,BTCUSDT,1788666393.0827687,2026-09-06T03:46:33.082769+00:00,1788680795.35957,0.5179894210168609,-0.4022441092943273
BTCUSDT:long:60:1788719759.288359,BTCUSDT,1788591007.6668746,2026-09-05T06:50:07.666875+00:00,1788605433.6803138,0.6834367919010054,-0.22385585259754526
BTCUSDT:long:60:1788736600.471488,BTCUSDT,1788626214.5092678,2026-09-05T16:36:54.509268+00:00,1788640619.142138,0.6726023496208681,-0.3813700344072489
BTCUSDT:long:60:1788736600.471488,BTCUSDT,1788720006.330864,2026-09-06T18:40:06.330864+00:00,1788734439.2227912,0.7659880215524677,-0.10010702172086539
BTCUSDT:long:60:1788736600.471488,BTCUSDT,1788687179.8357854,2026-09-06T09:32:59.835785+00:00,1788701625.4937608,0.9093452034718295,-0.35139201685034027
BTCUSDT:long:70:1788691787.977298,BTCUSDT,1788667005.1519704,2026-09-06T03:56:45.151970+00:00,1788681408.789393,0.27037456740275656,-0.36308944816821
BTCUSDT:long:70:1788691787.977298,BTCUSDT,1788601152.1313045,2026-09-05T09:39:12.131305+00:00,1788615574.2829068,0.35493539253870027,-0.16820777551245436
BTCUSDT:long:70:1788691787.977298,BTCUSDT,1788626458.5199828,2026-09-05T16:40:58.519983+00:00,1788640863.4026108,0.3705210262942903,-0.3780987559439696
BTCUSDT:long:70:1788691787.977298,BTCUSDT,1788558114.807964,2026-09-04T21:41:54.807964+00:00,1788572576.06975,0.612823286076344,-0.31255600546579376
BTCUSDT:long:70:1788691787.977298,BTCUSDT,1788522062.6255674,2026-09-04T11:41:02.625567+00:00,1788536507.4002388,0.7329230803771019,-2.2626759685875486
BTCUSDT:long:70:1788719882.769560,BTCUSDT,1788691542.082143,2026-09-06T10:45:42.082143+00:00,1788705998.9464557,0.25111770312570325,-0.6044110666796686
BTCUSDT:long:70:1788719882.769560,BTCUSDT,1788625787.4407349,2026-09-05T16:29:47.440735+00:00,1788640191.7474537,0.2888054445032968,-0.3426449164205002
BTCUSDT:long:70:1788719882.769560,BTCUSDT,1788667005.1519704,2026-09-06T03:56:45.151970+00:00,1788681408.789393,0.37116693109218685,-0.36308944816821
BTCUSDT:long:70:1788719882.769560,BTCUSDT,1788591007.6668746,2026-09-05T06:50:07.666875+00:00,1788605433.6803138,0.521862338353176,-0.22385585259754526
BTCUSDT:long:70:1788719882.769560,BTCUSDT,1788558114.807964,2026-09-04T21:41:54.807964+00:00,1788572576.06975,0.6571773690108892,-0.31255600546579376
BTCUSDT:long:70:1788736600.471488,BTCUSDT,1788626214.5092678,2026-09-05T16:36:54.509268+00:00,1788640619.142138,0.6726023496208681,-0.3813700344072489
BTCUSDT:long:70:1788736600.471488,BTCUSDT,1788720006.330864,2026-09-06T18:40:06.330864+00:00,1788734439.2227912,0.7659880215524677,-0.10010702172086539
BTCUSDT:long:70:1788736600.471488,BTCUSDT,1788687179.8357854,2026-09-06T09:32:59.835785+00:00,1788701625.4937608,0.9093452034718295,-0.35139201685034027
BTCUSDT:long:80:1788691849.438029,BTCUSDT,1788667005.1519704,2026-09-06T03:56:45.151970+00:00,1788681408.789393,0.2670466094985302,-0.36308944816821
BTCUSDT:long:80:1788691849.438029,BTCUSDT,1788626458.5199828,2026-09-05T16:40:58.519983+00:00,1788640863.4026108,0.4059194041919301,-0.3780987559439696
BTCUSDT:long:80:1788691849.438029,BTCUSDT,1788600965.7089412,2026-09-05T09:36:05.708941+00:00,1788615390.1475334,0.42401071834804055,-0.1418402548531782
BTCUSDT:long:80:1788691849.438029,BTCUSDT,1788558114.807964,2026-09-04T21:41:54.807964+00:00,1788572576.06975,0.6101165393410926,-0.31255600546579376
BTCUSDT:long:80:1788691849.438029,BTCUSDT,1788521812.1683426,2026-09-04T11:36:52.168343+00:00,1788536255.541341,0.7554769099280205,-2.3251167175811016
BTCUSDT:long:80:1788720252.918600,BTCUSDT,1788667005.1519704,2026-09-06T03:56:45.151970+00:00,1788681408.789393,0.27883773516453775,-0.36308944816821
BTCUSDT:long:80:1788720252.918600,BTCUSDT,1788691665.0403128,2026-09-06T10:47:45.040313+00:00,1788706122.3749673,0.2963887324689143,-0.5401496728486131
BTCUSDT:long:80:1788720252.918600,BTCUSDT,1788626458.5199828,2026-09-05T16:40:58.519983+00:00,1788640863.4026108,0.3143187322271708,-0.3780987559439696
BTCUSDT:long:80:1788720252.918600,BTCUSDT,1788591007.6668746,2026-09-05T06:50:07.666875+00:00,1788605433.6803138,0.3385419183519523,-0.22385585259754526
BTCUSDT:long:80:1788720252.918600,BTCUSDT,1788558114.807964,2026-09-04T21:41:54.807964+00:00,1788572576.06975,0.7160075938114968,-0.31255600546579376
BTCUSDT:long:80:1788736662.256192,BTCUSDT,1788628411.5664191,2026-09-05T17:13:31.566419+00:00,1788642815.618023,0.7575273614433353,-0.51106996542696
BTCUSDT:long:80:1788736662.256192,BTCUSDT,1788719759.2883587,2026-09-06T18:35:59.288359+00:00,1788734192.434457,0.8313212934467675,-0.11211690011486908
BTCUSDT:short:50:1788570076.208749,BTCUSDT,1788508557.5777452,2026-09-04T07:55:57.577745+00:00,1788523001.9164045,0.20249737333275936,-0.8336614663716179
BTCUSDT:short:50:1788570076.208749,BTCUSDT,1788489300.9025648,2026-09-04T02:35:00.902565+00:00,1788503755.3505614,0.2532860457126398,-0.08085446283899944
BTCUSDT:short:50:1788570076.208749,BTCUSDT,1788431627.348657,2026-09-03T10:33:47.348657+00:00,1788446060.4241645,0.30669125318707835,-2.7870274937338646
BTCUSDT:short:50:1788671720.590411,BTCUSDT,1788650016.7783844,2026-09-05T23:13:36.778384+00:00,1788664435.4459536,0.29178193541066794,-0.3488283586583617
BTCUSDT:short:50:1788671720.590411,BTCUSDT,1788584769.2129085,2026-09-05T05:06:09.212909+00:00,1788599225.8250377,0.3134802661964288,-0.4137125620346759
BTCUSDT:short:50:1788671720.590411,BTCUSDT,1788567947.4005046,2026-09-05T00:25:47.400505+00:00,1788582393.1785715,0.5415402884102799,-0.02478080742860589
BTCUSDT:short:50:1788671720.590411,BTCUSDT,1788509057.1982088,2026-09-04T08:04:17.198209+00:00,1788523502.6296346,0.5852617414065318,-0.792632944871876
BTCUSDT:short:50:1788701009.854528,BTCUSDT,1788584643.7917495,2026-09-05T05:04:03.791749+00:00,1788599101.2367644,0.38875044934303876,-0.41994673489972534
BTCUSDT:short:50:1788701009.854528,BTCUSDT,1788567947.4005046,2026-09-05T00:25:47.400505+00:00,1788582393.1785715,0.3991291999382944,-0.02478080742860589
BTCUSDT:short:50:1788701009.854528,BTCUSDT,1788671904.3776348,2026-09-06T05:18:24.377635+00:00,1788686319.6984453,0.4219686526171061,-0.29538053439039025
BTCUSDT:short:50:1788701009.854528,BTCUSDT,1788648430.1119127,2026-09-05T22:47:10.111913+00:00,1788662845.737441,0.44546737460545327,-0.25306961886403456
BTCUSDT:short:70:1788533985.822224,BTCUSDT,1788485629.9511614,2026-09-04T01:33:49.951161+00:00,1788500080.1052265,0.7298364827521469,-0.3227049603314346
ETHUSDT:long:50:1788455830.127855,ETHUSDT,1788421426.2504117,2026-09-03T07:43:46.250412+00:00,1788435861.155296,0.716161490975935,-0.3165174129353153
ETHUSDT:long:50:1788455830.127855,ETHUSDT,1788439857.7471232,2026-09-03T12:50:57.747123+00:00,1788454290.2577825,0.8172859815010851,3.053952641165756
ETHUSDT:long:50:1788471218.489975,ETHUSDT,1788438705.9294643,2026-09-03T12:31:45.929464+00:00,1788453119.5695765,0.18478630635215051,3.1466688759279027
ETHUSDT:long:50:1788471218.489975,ETHUSDT,1788421365.9715421,2026-09-03T07:42:45.971542+00:00,1788435800.6431105,0.6954013993180272,-0.2568562055995004
ETHUSDT:long:50:1788471218.489975,ETHUSDT,1788456446.354243,2026-09-03T17:27:26.354243+00:00,1788470846.7809486,0.8310103958742532,0.13897624452473345
ETHUSDT:long:50:1788490983.836880,ETHUSDT,1788438887.7289639,2026-09-03T12:34:47.728964+00:00,1788453304.550752,0.32808120712804445,3.19453304808762
ETHUSDT:long:50:1788490983.836880,ETHUSDT,1788471218.4899752,2026-09-03T21:33:38.489975+00:00,1788485630.8164341,0.3814221891908725,-0.6980438677689959
ETHUSDT:long:50:1788490983.836880,ETHUSDT,1788456446.354243,2026-09-03T17:27:26.354243+00:00,1788470846.7809486,0.96304750608048,0.13897624452473345
ETHUSDT:long:50:1788511491.037888,ETHUSDT,1788436345.21582,2026-09-03T11:52:25.215820+00:00,1788450781.198679,0.2545445359913025,4.064655018386563
ETHUSDT:long:50:1788511491.037888,ETHUSDT,1788492043.76143,2026-09-04T03:20:43.761430+00:00,1788506500.0298648,0.4362583800747801,-0.06582838751822073
ETHUSDT:long:50:1788511491.037888,ETHUSDT,1788471404.6547172,2026-09-03T21:36:44.654717+00:00,1788485817.33324,0.7335981117009693,-0.688509352575175
ETHUSDT:long:50:1788511491.037888,ETHUSDT,1788420281.3932805,2026-09-03T07:24:41.393281+00:00,1788434711.5166247,0.9093369629289413,-0.4627314786000335
ETHUSDT:long:50:1788540474.809328,ETHUSDT,1788521061.9491696,2026-09-04T11:24:21.949170+00:00,1788535500.7121215,0.15140969261081297,-2.9607852770458987
ETHUSDT:long:50:1788540474.809328,ETHUSDT,1788482211.3551307,2026-09-04T00:36:51.355131+00:00,1788496654.3578413,0.31874336400498865,0.13996568293742417
ETHUSDT:long:50:1788540474.809328,ETHUSDT,1788438160.9533868,2026-09-03T12:22:40.953387+00:00,1788452565.8212187,0.32110218272965313,3.546583561871528
ETHUSDT:long:50:1788540474.809328,ETHUSDT,1788498461.1657748,2026-09-04T05:07:41.165775+00:00,1788512865.1739907,0.3420538013458932,0.6559290624688608
ETHUSDT:long:50:1788540474.809328,ETHUSDT,1788420281.3932805,2026-09-03T07:24:41.393281+00:00,1788434711.5166247,0.4026818431864856,-0.4627314786000335
ETHUSDT:long:50:1788557614.497340,ETHUSDT,1788506437.670073,2026-09-04T07:20:37.670073+00:00,1788520874.363967,0.3517929362209577,0.12774721035845105
ETHUSDT:long:50:1788557614.497340,ETHUSDT,1788489737.887349,2026-09-04T02:42:17.887349+00:00,1788504192.8765147,0.3977080984116174,0.10742624634779496
ETHUSDT:long:50:1788557614.497340,ETHUSDT,1788438282.0410402,2026-09-03T12:24:42.041040+00:00,1788452688.8109946,0.4317635866147113,3.3670968277970648
ETHUSDT:long:50:1788557614.497340,ETHUSDT,1788540663.747886,2026-09-04T16:51:03.747886+00:00,1788555106.1841772,0.4899954235119265,-0.4939654976179896
ETHUSDT:long:50:1788557614.497340,ETHUSDT,1788521312.1390142,2026-09-04T11:28:32.139014+00:00,1788535753.1186929,0.5407848263930025,-2.907238424129146
ETHUSDT:long:50:1788593998.306329,ETHUSDT,1788511428.688269,2026-09-04T08:43:48.688269+00:00,1788525834.9828598,0.7120105042574317,-2.5954833842855374
ETHUSDT:long:50:1788593998.306329,ETHUSDT,1788558178.656457,2026-09-04T21:42:58.656457+00:00,1788572639.6508605,0.7151615168728402,-0.230799261881378
ETHUSDT:long:50:1788593998.306329,ETHUSDT,1788436405.7300055,2026-09-03T11:53:25.730006+00:00,1788450842.6794074,0.7189332962612303,4.179908990038781
ETHUSDT:long:50:1788593998.306329,ETHUSDT,1788540852.268117,2026-09-04T16:54:12.268117+00:00,1788555294.2757118,0.7527849409937872,-0.5121329594863687
ETHUSDT:long:50:1788593998.306329,ETHUSDT,1788491358.0776758,2026-09-04T03:09:18.077676+00:00,1788505814.2624528,0.8086951729414258,0.01739819590194991
ETHUSDT:long:50:1788623042.251099,ETHUSDT,1788596239.2679667,2026-09-05T08:17:19.267967+00:00,1788610642.4565253,0.13067005163035797,-0.17620494440597978
ETHUSDT:long:50:1788623042.251099,ETHUSDT,1788557677.2235773,2026-09-04T21:34:37.223577+00:00,1788572139.6803188,0.15072316384037254,-0.1489340060150134
ETHUSDT:long:50:1788623042.251099,ETHUSDT,1788489800.2385583,2026-09-04T02:43:20.238558+00:00,1788504255.2607589,0.3624296649307701,0.12867466796734128
ETHUSDT:long:50:1788623042.251099,ETHUSDT,1788520749.1056821,2026-09-04T11:19:09.105682+00:00,1788535185.7601397,0.381774013869206,-2.9644254022660155
ETHUSDT:long:50:1788623042.251099,ETHUSDT,1788540915.335601,2026-09-04T16:55:15.335601+00:00,1788555357.0181391,0.5027242840731576,-0.4756592499857736
ETHUSDT:long:50:1788644524.707708,ETHUSDT,1788593811.4960175,2026-09-05T07:36:51.496017+00:00,1788608224.8024201,0.23840985570237813,-0.3274958907676505
ETHUSDT:long:50:1788644524.707708,ETHUSDT,1788611818.6985488,2026-09-05T12:36:58.698549+00:00,1788626275.9243455,0.2458564917735565,0.23203099500644708
ETHUSDT:long:50:1788644524.707708,ETHUSDT,1788626641.9262083,2026-09-05T16:44:01.926208+00:00,1788641047.035977,0.42943722585678457,0.3691720985320758
ETHUSDT:long:50:1788644524.707708,ETHUSDT,1788520561.0525143,2026-09-04T11:16:01.052514+00:00,1788534996.5677226,0.6375941666723376,-3.0914389897820826
ETHUSDT:long:50:1788644524.707708,ETHUSDT,1788540852.268117,2026-09-04T16:54:12.268117+00:00,1788555294.2757118,0.6434785694221854,-0.5121329594863687
ETHUSDT:long:50:1788659361.607322,ETHUSDT,1788491420.5188646,2026-09-04T03:10:20.518865+00:00,1788505876.5600328,0.37293637573034505,-0.09850369816008164
ETHUSDT:long:50:1788659361.607322,ETHUSDT,1788511428.688269,2026-09-04T08:43:48.688269+00:00,1788525834.9828598,0.45977138304005105,-2.5954833842855374
ETHUSDT:long:50:1788659361.607322,ETHUSDT,1788627495.9116216,2026-09-05T16:58:15.911622+00:00,1788641901.0913098,0.478206072016264,0.08760825576691122
ETHUSDT:long:50:1788659361.607322,ETHUSDT,1788644829.9291697,2026-09-05T21:47:09.929170+00:00,1788659239.4529767,0.5564979621058349,0.4310516605907734
ETHUSDT:long:50:1788659361.607322,ETHUSDT,1788540600.8077025,2026-09-04T16:50:00.807703+00:00,1788555043.514399,0.6248651954817033,-0.4277498485643204
ETHUSDT:long:50:1788693570.372481,ETHUSDT,1788623164.479017,2026-09-05T15:46:04.479017+00:00,1788637568.026545,0.03569490896023305,0.5368992727332024
ETHUSDT:long:50:1788693570.372481,ETHUSDT,1788654170.501533,2026-09-06T00:22:50.501533+00:00,1788668597.3766472,0.11060876240679134,0.717319128188807
ETHUSDT:long:50:1788693570.372481,ETHUSDT,1788558241.261835,2026-09-04T21:44:01.261835+00:00,1788572702.2287982,0.2024749363049867,-0.19944203176051267
ETHUSDT:long:50:1788693570.372481,ETHUSDT,1788672394.6706545,2026-09-06T05:26:34.670655+00:00,1788686811.7072692,0.2225088892356418,-0.25421960884572037
ETHUSDT:long:50:1788693570.372481,ETHUSDT,1788596363.6420426,2026-09-05T08:19:23.642043+00:00,1788610766.4978223,0.2243052575227539,-0.21323648681660579
ETHUSDT:long:50:1788726112.870767,ETHUSDT,1788654597.7676861,2026-09-06T00:29:57.767686+00:00,1788669026.1483412,0.32698445073372784,0.506578511333098
ETHUSDT:long:50:1788726112.870767,ETHUSDT,1788672333.4362648,2026-09-06T05:25:33.436265+00:00,1788686750.2937312,0.35223647969394983,-0.3339191098410653
ETHUSDT:long:50:1788726112.870767,ETHUSDT,1788599600.1576033,2026-09-05T09:13:20.157603+00:00,1788614037.0627775,0.4134471914734135,-0.18384397670710084
ETHUSDT:long:50:1788726112.870767,ETHUSDT,1788625848.8394723,2026-09-05T16:30:48.839472+00:00,1788640253.2302394,0.5125650276084012,0.3055871601692718
ETHUSDT:long:50:1788726112.870767,ETHUSDT,1788558115.9451466,2026-09-04T21:41:55.945147+00:00,1788572577.1997216,0.6436716791688428,-0.2523532406181882
ETHUSDT:long:60:1788459284.569770,ETHUSDT,1788444597.5903933,2026-09-03T14:09:57.590393+00:00,1788459037.808654,0.48240931387672187,2.992870863758954
ETHUSDT:long:60:1788491295.821063,ETHUSDT,1788440282.5290523,2026-09-03T12:58:02.529052+00:00,1788454721.181465,0.4837707274979017,2.680582217622405
ETHUSDT:long:60:1788491295.821063,ETHUSDT,1788461936.4820583,2026-09-03T18:58:56.482058+00:00,1788476369.7722273,0.5966482514102618,-0.794960401792446
ETHUSDT:long:60:1788512365.304357,ETHUSDT,1788496467.533422,2026-09-04T04:34:27.533422+00:00,1788510929.5875428,0.4733468104812942,-0.20089363676377914
ETHUSDT:long:60:1788512365.304357,ETHUSDT,1788440404.0263622,2026-09-03T13:00:04.026362+00:00,1788454844.2238941,0.5109365288722517,2.7192768697374836
ETHUSDT:long:60:1788512365.304357,ETHUSDT,1788463729.3628907,2026-09-03T19:28:49.362891+00:00,1788478170.0524516,0.8864593995950524,-0.7350946697096593
ETHUSDT:long:60:1788627007.967252,ETHUSDT,1788511740.5793002,2026-09-04T08:49:00.579300+00:00,1788526152.8478625,0.43658184742412265,-3.137282384651987
ETHUSDT:long:60:1788627007.967252,ETHUSDT,1788612436.046115,2026-09-05T12:47:16.046115+00:00,1788626886.0109901,0.5494773385755799,0.13491017160699237
ETHUSDT:long:60:1788627007.967252,ETHUSDT,1788593686.8929243,2026-09-05T07:34:46.892924+00:00,1788608100.5539312,0.6774796036267821,-0.30839364914022827
ETHUSDT:long:60:1788627007.967252,ETHUSDT,1788496280.644017,2026-09-04T04:31:20.644017+00:00,1788510742.453604,0.7639027288201148,-0.23035643540775463
ETHUSDT:long:60:1788627007.967252,ETHUSDT,1788471342.5939038,2026-09-03T21:35:42.593904+00:00,1788485755.0740545,0.933010417882039,-0.8228439368790607
ETHUSDT:long:60:1788644891.020141,ETHUSDT,1788496280.644017,2026-09-04T04:31:20.644017+00:00,1788510742.453604,0.2814701885424028,-0.23035643540775463
ETHUSDT:long:60:1788644891.020141,ETHUSDT,1788626092.9360602,2026-09-05T16:34:52.936060+00:00,1788640497.3718297,0.33052224207706943,0.18036238052386644
ETHUSDT:long:60:1788644891.020141,ETHUSDT,1788511678.0818944,2026-09-04T08:47:58.081894+00:00,1788526089.6986396,0.4046901282258026,-3.2732781879753503
ETHUSDT:long:60:1788644891.020141,ETHUSDT,1788593686.8929243,2026-09-05T07:34:46.892924+00:00,1788608100.5539312,0.6395153912035686,-0.30839364914022827
ETHUSDT:long:60:1788644891.020141,ETHUSDT,1788540852.268117,2026-09-04T16:54:12.268117+00:00,1788555294.2757118,0.7319021565635314,-0.5121329594863687
ETHUSDT:long:60:1788659544.969012,ETHUSDT,1788511740.5793002,2026-09-04T08:49:00.579300+00:00,1788526152.8478625,0.39446372378130506,-3.137282384651987
ETHUSDT:long:60:1788659544.969012,ETHUSDT,1788627862.4000437,2026-09-05T17:04:22.400044+00:00,1788642267.0094569,0.4030914573025884,-0.05252061757778026
ETHUSDT:long:60:1788659544.969012,ETHUSDT,1788644768.8848813,2026-09-05T21:46:08.884881+00:00,1788659178.350029,0.7273062556461561,0.292130949989975
ETHUSDT:long:60:1788659544.969012,ETHUSDT,1788491171.2532897,2026-09-04T03:06:11.253290+00:00,1788505627.2245698,0.7465317953160736,-0.1442712652093302
ETHUSDT:long:60:1788728147.249871,ETHUSDT,1788656490.3411298,2026-09-06T01:01:30.341130+00:00,1788670925.005658,0.38851944239119546,0.44103912805838263
ETHUSDT:long:60:1788728147.249871,ETHUSDT,1788601836.169741,2026-09-05T09:50:36.169741+00:00,1788616250.6103747,0.48160012888770165,-0.5083550419057524
ETHUSDT:long:60:1788728147.249871,ETHUSDT,1788626153.9336457,2026-09-05T16:35:53.933646+00:00,1788640558.414993,0.511134427181653,0.242952118707649
ETHUSDT:long:60:1788728147.249871,ETHUSDT,1788558679.9303727,2026-09-04T21:51:19.930373+00:00,1788573140.1005452,0.7113551600803892,-0.2039196164140188
ETHUSDT:long:60:1788728147.249871,ETHUSDT,1788673743.427135,2026-09-06T05:49:03.427135+00:00,1788688163.6989398,0.7603620354101851,-0.7937986643423954
ETHUSDT:long:70:1788644891.020141,ETHUSDT,1788496280.644017,2026-09-04T04:31:20.644017+00:00,1788510742.453604,0.2814701885424028,-0.23035643540775463
ETHUSDT:long:70:1788644891.020141,ETHUSDT,1788626092.9360602,2026-09-05T16:34:52.936060+00:00,1788640497.3718297,0.33052224207706943,0.18036238052386644
ETHUSDT:long:70:1788644891.020141,ETHUSDT,1788511678.0818944,2026-09-04T08:47:58.081894+00:00,1788526089.6986396,0.4046901282258026,-3.2732781879753503
ETHUSDT:long:70:1788644891.020141,ETHUSDT,1788593686.8929243,2026-09-05T07:34:46.892924+00:00,1788608100.5539312,0.6395153912035686,-0.30839364914022827
ETHUSDT:long:70:1788644891.020141,ETHUSDT,1788540852.268117,2026-09-04T16:54:12.268117+00:00,1788555294.2757118,0.7319021565635314,-0.5121329594863687
ETHUSDT:long:70:1788659544.969012,ETHUSDT,1788511740.5793002,2026-09-04T08:49:00.579300+00:00,1788526152.8478625,0.39446372378130506,-3.137282384651987
ETHUSDT:long:70:1788659544.969012,ETHUSDT,1788627862.4000437,2026-09-05T17:04:22.400044+00:00,1788642267.0094569,0.4030914573025884,-0.05252061757778026
ETHUSDT:long:70:1788659544.969012,ETHUSDT,1788644768.8848813,2026-09-05T21:46:08.884881+00:00,1788659178.350029,0.7273062556461561,0.292130949989975
ETHUSDT:long:70:1788659544.969012,ETHUSDT,1788491171.2532897,2026-09-04T03:06:11.253290+00:00,1788505627.2245698,0.7465317953160736,-0.1442712652093302
ETHUSDT:long:70:1788728147.249871,ETHUSDT,1788656490.3411298,2026-09-06T01:01:30.341130+00:00,1788670925.005658,0.38851944239119546,0.44103912805838263
ETHUSDT:long:70:1788728147.249871,ETHUSDT,1788601836.169741,2026-09-05T09:50:36.169741+00:00,1788616250.6103747,0.48160012888770165,-0.5083550419057524
ETHUSDT:long:70:1788728147.249871,ETHUSDT,1788626153.9336457,2026-09-05T16:35:53.933646+00:00,1788640558.414993,0.511134427181653,0.242952118707649
ETHUSDT:long:70:1788728147.249871,ETHUSDT,1788558679.9303727,2026-09-04T21:51:19.930373+00:00,1788573140.1005452,0.7113551600803892,-0.2039196164140188
ETHUSDT:long:70:1788728147.249871,ETHUSDT,1788673743.427135,2026-09-06T05:49:03.427135+00:00,1788688163.6989398,0.7603620354101851,-0.7937986643423954
ETHUSDT:long:80:1788659544.969012,ETHUSDT,1788511740.5793002,2026-09-04T08:49:00.579300+00:00,1788526152.8478625,0.39446372378130506,-3.137282384651987
ETHUSDT:long:80:1788659544.969012,ETHUSDT,1788627862.4000437,2026-09-05T17:04:22.400044+00:00,1788642267.0094569,0.4030914573025884,-0.05252061757778026
ETHUSDT:long:80:1788659544.969012,ETHUSDT,1788644768.8848813,2026-09-05T21:46:08.884881+00:00,1788659178.350029,0.7273062556461561,0.292130949989975
ETHUSDT:long:80:1788659544.969012,ETHUSDT,1788491171.2532897,2026-09-04T03:06:11.253290+00:00,1788505627.2245698,0.7465317953160736,-0.1442712652093302
ETHUSDT:long:80:1788728393.975796,ETHUSDT,1788656124.1846602,2026-09-06T00:55:24.184660+00:00,1788670557.1744688,0.295162217455812,0.476025159254876
ETHUSDT:long:80:1788728393.975796,ETHUSDT,1788601711.9692104,2026-09-05T09:48:31.969210+00:00,1788616127.730413,0.34377502344479555,-0.23873924942155111
ETHUSDT:long:80:1788728393.975796,ETHUSDT,1788627618.1095128,2026-09-05T17:00:18.109513+00:00,1788642023.1329994,0.42987543330529554,0.13092985701047344
ETHUSDT:long:80:1788728393.975796,ETHUSDT,1788558679.9303727,2026-09-04T21:51:19.930373+00:00,1788573140.1005452,0.6806997350115485,-0.2039196164140188
ETHUSDT:long:80:1788728393.975796,ETHUSDT,1788698181.5582156,2026-09-06T12:36:21.558216+00:00,1788712604.2339375,0.697857519051988,-0.9174526262799597
ETHUSDT:short:50:1788473699.103550,ETHUSDT,1788422330.298253,2026-09-03T07:58:50.298253+00:00,1788436768.6704414,0.5602544673537886,-0.512814251401119
ETHUSDT:short:50:1788583895.108819,ETHUSDT,1788562938.941865,2026-09-04T23:02:18.941865+00:00,1788577391.3749094,0.33572873886311116,-0.20411837006365718
ETHUSDT:short:50:1788583895.108819,ETHUSDT,1788429211.1723704,2026-09-03T09:53:31.172370+00:00,1788443623.7434182,0.5511980636123349,-1.4878896669213848
ETHUSDT:short:50:1788583895.108819,ETHUSDT,1788488554.9187193,2026-09-04T02:22:34.918719+00:00,1788503008.92181,0.7488499987150453,-0.48798675247691203
ETHUSDT:short:50:1788616619.057452,ETHUSDT,1788476928.1527922,2026-09-03T23:08:48.152792+00:00,1788491358.0776758,0.4130491581126645,-0.7108981652111178
ETHUSDT:short:50:1788616619.057452,ETHUSDT,1788585020.3138778,2026-09-05T05:10:20.313878+00:00,1788599475.8683393,0.5371391896086174,-0.5860479947671936
ETHUSDT:short:50:1788616619.057452,ETHUSDT,1788563940.5640585,2026-09-04T23:19:00.564059+00:00,1788578391.0137599,0.7103067124717669,-0.2249283669961598
ETHUSDT:short:50:1788679998.591564,ETHUSDT,1788616434.9114122,2026-09-05T13:53:54.911412+00:00,1788630854.5742228,0.8187460402615024,-1.2424493959337335
ETHUSDT:short:50:1788679998.591564,ETHUSDT,1788584770.3974745,2026-09-05T05:06:10.397475+00:00,1788599227.0126092,0.8763641481476654,-0.6328498748548038
ETHUSDT:short:50:1788700887.492880,ETHUSDT,1788680182.671902,2026-09-06T07:36:22.671902+00:00,1788694615.6440027,0.5066253604822547,-0.40007495415678374
ETHUSDT:short:50:1788700887.492880,ETHUSDT,1788584770.3974745,2026-09-05T05:06:10.397475+00:00,1788599227.0126092,0.5170222777026392,-0.6328498748548038
ETHUSDT:short:50:1788700887.492880,ETHUSDT,1788616311.9999478,2026-09-05T13:51:51.999948+00:00,1788630732.528757,0.6069879593154978,-1.1885242130849205
ETHUSDT:short:50:1788700887.492880,ETHUSDT,1788562938.941865,2026-09-04T23:02:18.941865+00:00,1788577391.3749094,0.8879087818505331,-0.20411837006365718
ETHUSDT:short:60:1788584957.815997,ETHUSDT,1788429633.8388193,2026-09-03T10:00:33.838819+00:00,1788444049.752885,0.6032287102230536,-1.5648100133360732
ETHUSDT:short:60:1788584957.815997,ETHUSDT,1788562938.941865,2026-09-04T23:02:18.941865+00:00,1788577391.3749094,0.705684631121448,-0.20411837006365718
ETHUSDT:short:60:1788584957.815997,ETHUSDT,1788476431.869133,2026-09-03T23:00:31.869133+00:00,1788490858.8592029,0.7710417881781813,-0.6016882331018402
ETHUSDT:short:70:1788584957.815997,ETHUSDT,1788429633.8388193,2026-09-03T10:00:33.838819+00:00,1788444049.752885,0.6032287102230536,-1.5648100133360732
ETHUSDT:short:70:1788584957.815997,ETHUSDT,1788562938.941865,2026-09-04T23:02:18.941865+00:00,1788577391.3749094,0.705684631121448,-0.20411837006365718
ETHUSDT:short:70:1788584957.815997,ETHUSDT,1788476431.869133,2026-09-03T23:00:31.869133+00:00,1788490858.8592029,0.7710417881781813,-0.6016882331018402
SOLUSDT:long:50:1788464533.820471,SOLUSDT,1788436708.2577956,2026-09-03T11:58:28.257796+00:00,1788451150.5501873,0.2011753181324173,4.164014280047588
SOLUSDT:long:50:1788464533.820471,SOLUSDT,1788420221.1789525,2026-09-03T07:23:41.178952+00:00,1788434651.124848,0.8518447740107594,-0.5260612062989022
SOLUSDT:long:50:1788496156.387563,SOLUSDT,1788437797.7379127,2026-09-03T12:16:37.737913+00:00,1788452258.2335432,0.5103579652438399,2.8415689381933484
SOLUSDT:long:50:1788496156.387563,SOLUSDT,1788463420.9326618,2026-09-03T19:23:40.932662+00:00,1788477860.029869,0.6942894492505294,-1.684574246159678
SOLUSDT:long:50:1788512428.129730,SOLUSDT,1788496467.8627684,2026-09-04T04:34:27.862768+00:00,1788510929.896238,0.43704243647917207,-0.37911708253358867
SOLUSDT:long:50:1788512428.129730,SOLUSDT,1788463729.600595,2026-09-03T19:28:49.600595+00:00,1788478170.3359058,0.5098670758662852,-1.514422310756971
SOLUSDT:long:50:1788512428.129730,SOLUSDT,1788435982.3092873,2026-09-03T11:46:22.309287+00:00,1788450412.8653011,0.5689025232489661,2.8325413653026743
SOLUSDT:long:50:1788539783.735051,SOLUSDT,1788521249.92734,2026-09-04T11:27:29.927340+00:00,1788535690.628196,0.22339869681265834,-2.9212279355333903
SOLUSDT:long:50:1788539783.735051,SOLUSDT,1788437797.7379127,2026-09-03T12:16:37.737913+00:00,1788452258.2335432,0.2523610741210658,2.8415689381933484
SOLUSDT:long:50:1788539783.735051,SOLUSDT,1788496280.99639,2026-09-04T04:31:20.996390+00:00,1788510742.7781265,0.41568272992998584,-0.4847183031000978
SOLUSDT:long:50:1788539783.735051,SOLUSDT,1788464410.1576033,2026-09-03T19:40:10.157603+00:00,1788478852.8835275,0.46131109920065827,-1.3535136160926076
SOLUSDT:long:50:1788539783.735051,SOLUSDT,1788421305.7495615,2026-09-03T07:41:45.749562+00:00,1788435740.201153,0.9872588234844261,-0.18932065755596017
SOLUSDT:long:50:1788570640.037419,SOLUSDT,1788497713.8568974,2026-09-04T04:55:13.856897+00:00,1788512115.895117,0.2996551008248893,0.25528868360277024
SOLUSDT:long:50:1788570640.037419,SOLUSDT,1788519559.8516192,2026-09-04T10:59:19.851619+00:00,1788533987.5394368,0.40038602845688315,-3.3197693859901922
SOLUSDT:long:50:1788570640.037419,SOLUSDT,1788471218.793691,2026-09-03T21:33:38.793691+00:00,1788485631.1184227,0.41258089824759303,-2.0187942656413127
SOLUSDT:long:50:1788570640.037419,SOLUSDT,1788437858.3341413,2026-09-03T12:17:38.334141+00:00,1788452319.8031204,0.5233207420280407,2.943045202220471
SOLUSDT:long:50:1788570640.037419,SOLUSDT,1788541984.9727988,2026-09-04T17:13:04.972799+00:00,1788556423.864448,0.53900040975163,-0.1691642084562427
SOLUSDT:long:50:1788591320.377654,SOLUSDT,1788565191.9822214,2026-09-04T23:39:51.982221+00:00,1788579640.8080757,0.29656316294362217,-0.10036327933235156
SOLUSDT:long:50:1788591320.377654,SOLUSDT,1788522627.6241722,2026-09-04T11:50:27.624172+00:00,1788537076.7003617,0.3930563394069755,-2.8055937080376037
SOLUSDT:long:50:1788591320.377654,SOLUSDT,1788540601.2106218,2026-09-04T16:50:01.210622+00:00,1788555043.8594496,0.442379051819143,-0.3064939144091027
SOLUSDT:long:50:1788591320.377654,SOLUSDT,1788436526.827067,2026-09-03T11:55:26.827067+00:00,1788450966.0199926,0.48919104782248995,3.9859208568878346
SOLUSDT:long:50:1788591320.377654,SOLUSDT,1788497963.1097834,2026-09-04T04:59:23.109783+00:00,1788512365.6317453,0.5180178625852048,0.29405873856523723
SOLUSDT:long:50:1788611757.177222,SOLUSDT,1788590385.5905216,2026-09-05T06:39:45.590522+00:00,1788604815.067214,0.3506227968937221,0.2716576911779268
SOLUSDT:long:50:1788611757.177222,SOLUSDT,1788495969.3309288,2026-09-04T04:26:09.330929+00:00,1788510430.9970977,0.4329895897355754,-0.33149778888674974
SOLUSDT:long:50:1788611757.177222,SOLUSDT,1788572452.6794407,2026-09-05T01:40:52.679441+00:00,1788586893.1430109,0.45328859946129507,-0.43338752325922314
SOLUSDT:long:50:1788611757.177222,SOLUSDT,1788521375.289188,2026-09-04T11:29:35.289188+00:00,1788535816.6070642,0.49181764907396464,-2.8338473341004944
SOLUSDT:long:50:1788611757.177222,SOLUSDT,1788539657.986513,2026-09-04T16:34:17.986513+00:00,1788554103.8683157,0.5595867627011026,-0.31638648860959007
SOLUSDT:long:50:1788626764.103120,SOLUSDT,1788540664.1115708,2026-09-04T16:51:04.111571+00:00,1788555106.538756,0.26328982771025883,-0.38496565260060167
SOLUSDT:long:50:1788626764.103120,SOLUSDT,1788520812.051487,2026-09-04T11:20:12.051487+00:00,1788535249.245454,0.3448669733238991,-2.9161948688382755
SOLUSDT:long:50:1788626764.103120,SOLUSDT,1788498523.796485,2026-09-04T05:08:43.796485+00:00,1788512927.870353,0.3747046617525889,0.26513383400733403
SOLUSDT:long:50:1788626764.103120,SOLUSDT,1788591258.1398315,2026-09-05T06:54:18.139832+00:00,1788605682.8226688,0.40326213590779825,0.29136141038198293
SOLUSDT:long:50:1788626764.103120,SOLUSDT,1788572827.6381109,2026-09-05T01:47:07.638111+00:00,1788587267.2255278,0.46960594562605407,-0.46303636185435415
SOLUSDT:long:50:1788659545.174025,SOLUSDT,1788627435.0760593,2026-09-05T16:57:15.076059+00:00,1788641840.3181024,0.2704998617525463,-0.29404757300328865
SOLUSDT:long:50:1788659545.174025,SOLUSDT,1788511928.6330833,2026-09-04T08:52:08.633083+00:00,1788526343.2337723,0.27086233329336945,-2.6149620957681607
SOLUSDT:long:50:1788659545.174025,SOLUSDT,1788539657.986513,2026-09-04T16:34:17.986513+00:00,1788554103.8683157,0.5105736515343394,-0.31638648860959007
SOLUSDT:long:50:1788659545.174025,SOLUSDT,1788611818.9408555,2026-09-05T12:36:58.940856+00:00,1788626276.0883489,0.5808239987781368,0.2795711918916234
SOLUSDT:long:50:1788659545.174025,SOLUSDT,1788644708.062742,2026-09-05T21:45:08.062742+00:00,1788659117.4771416,0.6156082943798122,-0.2547190146266386
SOLUSDT:long:50:1788703289.243687,SOLUSDT,1788540286.3800964,2026-09-04T16:44:46.380096+00:00,1788554730.5598042,0.370221233109211,-0.2966437684003974
SOLUSDT:long:50:1788703289.243687,SOLUSDT,1788624202.0445502,2026-09-05T16:03:22.044550+00:00,1788638605.5497603,0.4687387158380845,0.23943267923062017
SOLUSDT:long:50:1788703289.243687,SOLUSDT,1788572515.01937,2026-09-05T01:41:55.019370+00:00,1788586955.4788804,0.47607331483047,-0.4040630815946765
SOLUSDT:long:50:1788703289.243687,SOLUSDT,1788598480.2243066,2026-09-05T08:54:40.224307+00:00,1788612929.112458,0.5172690636310235,0.5732239796914708
SOLUSDT:long:50:1788703289.243687,SOLUSDT,1788657284.5037756,2026-09-06T01:14:44.503776+00:00,1788671721.4465723,0.5294310408653525,1.8108746862328529
SOLUSDT:long:50:1788719513.840312,SOLUSDT,1788661868.575693,2026-09-06T02:31:08.575693+00:00,1788676318.628054,0.2585822723515166,1.2244732545856207
SOLUSDT:long:50:1788719513.840312,SOLUSDT,1788629450.4938664,2026-09-05T17:30:50.493866+00:00,1788643853.7560775,0.374543415958549,-0.34119638391998597
SOLUSDT:long:50:1788719513.840312,SOLUSDT,1788593064.3932178,2026-09-05T07:24:24.393218+00:00,1788607480.9570951,0.4546947790437419,-0.30549253148493205
SOLUSDT:long:50:1788719513.840312,SOLUSDT,1788611757.1772223,2026-09-05T12:35:57.177222+00:00,1788626215.1000433,0.5628449654671309,0.4358264261336099
SOLUSDT:long:50:1788719513.840312,SOLUSDT,1788691481.5955296,2026-09-06T10:44:41.595530+00:00,1788705938.4015417,0.5789576316273614,-0.6549099099099197
SOLUSDT:long:50:1788737034.240638,SOLUSDT,1788628656.315495,2026-09-05T17:17:36.315495+00:00,1788643060.3628118,0.30571481596009564,-0.4572843789149038
SOLUSDT:long:50:1788737034.240638,SOLUSDT,1788613483.2019613,2026-09-05T13:04:43.201961+00:00,1788627923.7528768,0.3406772124164449,-0.013421180118213694
SOLUSDT:long:50:1788737034.240638,SOLUSDT,1788659850.5860174,2026-09-06T01:57:30.586017+00:00,1788674295.5701296,0.566139870242307,1.982736437830055
SOLUSDT:long:50:1788737034.240638,SOLUSDT,1788689392.5745065,2026-09-06T10:09:52.574507+00:00,1788703843.0175395,0.6905737022013739,-0.16686474833629494
SOLUSDT:long:50:1788737034.240638,SOLUSDT,1788593687.2034762,2026-09-05T07:34:47.203476+00:00,1788608100.8548505,0.8883107790439201,-0.4515455875182893
SOLUSDT:long:60:1788593624.828119,SOLUSDT,1788522126.758177,2026-09-04T11:42:06.758177+00:00,1788536572.20101,0.48066070275656125,-2.8703593675131667
SOLUSDT:long:60:1788593624.828119,SOLUSDT,1788540538.2725947,2026-09-04T16:48:58.272595+00:00,1788554981.137372,0.6700837614405821,-0.30640243304229864
SOLUSDT:long:60:1788593624.828119,SOLUSDT,1788463914.9972875,2026-09-03T19:31:54.997288+00:00,1788478356.5130992,0.676904523886307,-1.4879110857794275
SOLUSDT:long:60:1788593624.828119,SOLUSDT,1788496280.99639,2026-09-04T04:31:20.996390+00:00,1788510742.7781265,0.691365842083683,-0.4847183031000978
SOLUSDT:long:60:1788593624.828119,SOLUSDT,1788436526.827067,2026-09-03T11:55:26.827067+00:00,1788450966.0199926,0.7041145846120803,3.9859208568878346
SOLUSDT:long:60:1788612497.930339,SOLUSDT,1788593687.2034762,2026-09-05T07:34:47.203476+00:00,1788608100.8548505,0.43373779864473183,-0.4515455875182893
SOLUSDT:long:60:1788612497.930339,SOLUSDT,1788512615.541934,2026-09-04T09:03:35.541934+00:00,1788527037.713671,0.5478144970949079,-2.707942106776575
SOLUSDT:long:60:1788612497.930339,SOLUSDT,1788496405.5596979,2026-09-04T04:33:25.559698+00:00,1788510867.5805197,0.7990740615275086,-0.45589251439539724
SOLUSDT:long:60:1788612497.930339,SOLUSDT,1788463420.9326618,2026-09-03T19:23:40.932662+00:00,1788477860.029869,0.9035486650654456,-1.684574246159678
SOLUSDT:long:60:1788631037.852192,SOLUSDT,1788598978.024374,2026-09-05T09:02:58.024374+00:00,1788613421.6023717,0.5192398029985119,0.33782193648937764
SOLUSDT:long:60:1788631037.852192,SOLUSDT,1788464843.03138,2026-09-03T19:47:23.031380+00:00,1788479287.41883,0.6668461604836996,-1.4675042702600138
SOLUSDT:long:60:1788631037.852192,SOLUSDT,1788539532.1601038,2026-09-04T16:32:12.160104+00:00,1788553978.4766605,0.8399800244991394,-0.24773901935736464
SOLUSDT:long:60:1788631037.852192,SOLUSDT,1788521938.7425997,2026-09-04T11:38:58.742600+00:00,1788536382.9961045,0.9289400043247862,-2.9651001053740766
SOLUSDT:long:60:1788672885.066360,SOLUSDT,1788631037.8521917,2026-09-05T17:57:17.852192+00:00,1788645440.3393083,0.8743500599751148,-0.514003459542569
SOLUSDT:long:60:1788689453.983403,SOLUSDT,1788628961.651852,2026-09-05T17:22:41.651852+00:00,1788643365.5021596,0.5746929915962481,-0.2645504481063842
SOLUSDT:long:60:1788689453.983403,SOLUSDT,1788660034.0424066,2026-09-06T02:00:34.042407+00:00,1788674479.4581673,0.6654010276256114,1.8780787704130697
SOLUSDT:long:60:1788689453.983403,SOLUSDT,1788614468.6162353,2026-09-05T13:21:08.616235+00:00,1788628900.4725404,0.7951856161315578,0.38397363830199105
SOLUSDT:long:60:1788689453.983403,SOLUSDT,1788521187.3751783,2026-09-04T11:26:27.375178+00:00,1788535627.6080773,0.8621865378403506,-2.8086883042058775
SOLUSDT:long:60:1788689453.983403,SOLUSDT,1788540601.2106218,2026-09-04T16:50:01.210622+00:00,1788555043.8594496,0.9347159806578341,-0.3064939144091027
SOLUSDT:long:60:1788738085.248500,SOLUSDT,1788599600.4296222,2026-09-05T09:13:20.429622+00:00,1788614037.2591968,0.3481501028363093,0.31825477210750475
SOLUSDT:long:60:1788738085.248500,SOLUSDT,1788661746.1711197,2026-09-06T02:29:06.171120+00:00,1788676195.9706812,0.4018957020251525,1.4846891515326233
SOLUSDT:long:60:1788738085.248500,SOLUSDT,1788629389.4459658,2026-09-05T17:29:49.445966+00:00,1788643792.71422,0.41780614215192063,-0.2066551126516457
SOLUSDT:long:60:1788738085.248500,SOLUSDT,1788614714.698481,2026-09-05T13:25:14.698481+00:00,1788629144.8489542,0.448924632979091,0.6751900698215608
SOLUSDT:long:60:1788738085.248500,SOLUSDT,1788719637.114696,2026-09-06T18:33:57.114696+00:00,1788734070.2158422,0.49738761108109136,-0.7402424584155541
SOLUSDT:long:70:1788593624.828119,SOLUSDT,1788522126.758177,2026-09-04T11:42:06.758177+00:00,1788536572.20101,0.48066070275656125,-2.8703593675131667
SOLUSDT:long:70:1788593624.828119,SOLUSDT,1788540538.2725947,2026-09-04T16:48:58.272595+00:00,1788554981.137372,0.6700837614405821,-0.30640243304229864
SOLUSDT:long:70:1788593624.828119,SOLUSDT,1788463914.9972875,2026-09-03T19:31:54.997288+00:00,1788478356.5130992,0.676904523886307,-1.4879110857794275
SOLUSDT:long:70:1788593624.828119,SOLUSDT,1788496280.99639,2026-09-04T04:31:20.996390+00:00,1788510742.7781265,0.691365842083683,-0.4847183031000978
SOLUSDT:long:70:1788593624.828119,SOLUSDT,1788436526.827067,2026-09-03T11:55:26.827067+00:00,1788450966.0199926,0.7041145846120803,3.9859208568878346
SOLUSDT:long:70:1788612497.930339,SOLUSDT,1788593687.2034762,2026-09-05T07:34:47.203476+00:00,1788608100.8548505,0.43373779864473183,-0.4515455875182893
SOLUSDT:long:70:1788612497.930339,SOLUSDT,1788512615.541934,2026-09-04T09:03:35.541934+00:00,1788527037.713671,0.5478144970949079,-2.707942106776575
SOLUSDT:long:70:1788612497.930339,SOLUSDT,1788496405.5596979,2026-09-04T04:33:25.559698+00:00,1788510867.5805197,0.7990740615275086,-0.45589251439539724
SOLUSDT:long:70:1788612497.930339,SOLUSDT,1788463420.9326618,2026-09-03T19:23:40.932662+00:00,1788477860.029869,0.9035486650654456,-1.684574246159678
SOLUSDT:long:80:1788593624.828119,SOLUSDT,1788522126.758177,2026-09-04T11:42:06.758177+00:00,1788536572.20101,0.48066070275656125,-2.8703593675131667
SOLUSDT:long:80:1788593624.828119,SOLUSDT,1788540538.2725947,2026-09-04T16:48:58.272595+00:00,1788554981.137372,0.6700837614405821,-0.30640243304229864
SOLUSDT:long:80:1788593624.828119,SOLUSDT,1788463914.9972875,2026-09-03T19:31:54.997288+00:00,1788478356.5130992,0.676904523886307,-1.4879110857794275
SOLUSDT:long:80:1788593624.828119,SOLUSDT,1788496280.99639,2026-09-04T04:31:20.996390+00:00,1788510742.7781265,0.691365842083683,-0.4847183031000978
SOLUSDT:long:80:1788593624.828119,SOLUSDT,1788436526.827067,2026-09-03T11:55:26.827067+00:00,1788450966.0199926,0.7041145846120803,3.9859208568878346
SOLUSDT:long:80:1788612497.930339,SOLUSDT,1788593687.2034762,2026-09-05T07:34:47.203476+00:00,1788608100.8548505,0.43373779864473183,-0.4515455875182893
SOLUSDT:long:80:1788612497.930339,SOLUSDT,1788512615.541934,2026-09-04T09:03:35.541934+00:00,1788527037.713671,0.5478144970949079,-2.707942106776575
SOLUSDT:long:80:1788612497.930339,SOLUSDT,1788496405.5596979,2026-09-04T04:33:25.559698+00:00,1788510867.5805197,0.7990740615275086,-0.45589251439539724
SOLUSDT:long:80:1788612497.930339,SOLUSDT,1788463420.9326618,2026-09-03T19:23:40.932662+00:00,1788477860.029869,0.9035486650654456,-1.684574246159678
SOLUSDT:short:50:1788501265.112018,SOLUSDT,1788426313.6578882,2026-09-03T09:05:13.657888+00:00,1788440768.642185,0.2801371490179519,-1.095512641847498
SOLUSDT:short:50:1788501265.112018,SOLUSDT,1788473637.387818,2026-09-03T22:13:57.387818+00:00,1788488057.6166215,0.7106756870081977,1.0443443405230046
SOLUSDT:short:50:1788544247.371951,SOLUSDT,1788430600.60396,2026-09-03T10:16:40.603960+00:00,1788445023.9601188,0.38292497422553984,-1.9907482993197245
SOLUSDT:short:50:1788544247.371951,SOLUSDT,1788477238.5835335,2026-09-03T23:13:58.583534+00:00,1788491670.1890607,0.4810316347672294,0.005120307988457751
SOLUSDT:short:50:1788544247.371951,SOLUSDT,1788517183.0631063,2026-09-04T10:19:43.063106+00:00,1788531586.4781146,0.6487606713079747,2.2664734299516853
SOLUSDT:short:50:1788544247.371951,SOLUSDT,1788501265.1120179,2026-09-04T05:54:25.112018+00:00,1788515678.7102015,0.6986218118461969,-0.9227855692039898
SOLUSDT:short:50:1788584770.719769,SOLUSDT,1788494536.9381866,2026-09-04T04:02:16.938187+00:00,1788508996.1629143,0.2841105710450005,-0.033119026933094875
SOLUSDT:short:50:1788584770.719769,SOLUSDT,1788509120.819252,2026-09-04T08:05:20.819252+00:00,1788523566.8904555,0.34550984991728895,-0.6520692657444059
SOLUSDT:short:50:1788584770.719769,SOLUSDT,1788429030.1152265,2026-09-03T09:50:30.115227+00:00,1788443441.3032196,0.3675297972614271,-1.6775079872204524
SOLUSDT:short:50:1788584770.719769,SOLUSDT,1788473637.387818,2026-09-03T22:13:57.387818+00:00,1788488057.6166215,0.7033029457695761,1.0443443405230046
SOLUSDT:short:50:1788607728.908797,SOLUSDT,1788583957.8612866,2026-09-05T04:52:37.861287+00:00,1788598418.0136776,0.20361234999356428,-0.7885017695635231
SOLUSDT:short:50:1788607728.908797,SOLUSDT,1788505190.2876678,2026-09-04T06:59:50.287668+00:00,1788519622.4515176,0.26574511489075137,-0.5932013520038825
SOLUSDT:short:50:1788607728.908797,SOLUSDT,1788490236.5835848,2026-09-04T02:50:36.583585+00:00,1788504691.8229778,0.3913431161877614,-0.21670244657191684
SOLUSDT:short:50:1788607728.908797,SOLUSDT,1788473637.387818,2026-09-03T22:13:57.387818+00:00,1788488057.6166215,0.7410868585977404,1.0443443405230046
SOLUSDT:short:50:1788647148.882851,SOLUSDT,1788509120.819252,2026-09-04T08:05:20.819252+00:00,1788523566.8904555,0.2922498988814177,-0.6520692657444059
SOLUSDT:short:50:1788647148.882851,SOLUSDT,1788494536.9381866,2026-09-04T04:02:16.938187+00:00,1788508996.1629143,0.3020232453518556,-0.033119026933094875
SOLUSDT:short:50:1788647148.882851,SOLUSDT,1788584770.7197685,2026-09-05T05:06:10.719769+00:00,1788599227.3646948,0.3157354862056279,-1.2428208411307118
SOLUSDT:short:50:1788647148.882851,SOLUSDT,1788607852.9372334,2026-09-05T11:30:52.937233+00:00,1788622309.754623,0.3995865214915514,-0.6189727032580049
SOLUSDT:short:50:1788647148.882851,SOLUSDT,1788479659.9217885,2026-09-03T23:54:19.921788+00:00,1788494100.1262462,0.5350769989594146,-0.03332819722650304
SOLUSDT:short:60:1788607728.908797,SOLUSDT,1788583957.8612866,2026-09-05T04:52:37.861287+00:00,1788598418.0136776,0.20361234999356428,-0.7885017695635231
SOLUSDT:short:60:1788607728.908797,SOLUSDT,1788505190.2876678,2026-09-04T06:59:50.287668+00:00,1788519622.4515176,0.26574511489075137,-0.5932013520038825
SOLUSDT:short:60:1788607728.908797,SOLUSDT,1788490236.5835848,2026-09-04T02:50:36.583585+00:00,1788504691.8229778,0.3913431161877614,-0.21670244657191684
SOLUSDT:short:60:1788607728.908797,SOLUSDT,1788473637.387818,2026-09-03T22:13:57.387818+00:00,1788488057.6166215,0.7410868585977404,1.0443443405230046
SOLUSDT:short:60:1788647209.958530,SOLUSDT,1788509120.819252,2026-09-04T08:05:20.819252+00:00,1788523566.8904555,0.25675541841914684,-0.6520692657444059
SOLUSDT:short:60:1788647209.958530,SOLUSDT,1788494536.9381866,2026-09-04T04:02:16.938187+00:00,1788508996.1629143,0.4183354670458668,-0.033119026933094875
SOLUSDT:short:60:1788647209.958530,SOLUSDT,1788584770.7197685,2026-09-05T05:06:10.719769+00:00,1788599227.3646948,0.42422441396668475,-1.2428208411307118
SOLUSDT:short:60:1788647209.958530,SOLUSDT,1788607852.9372334,2026-09-05T11:30:52.937233+00:00,1788622309.754623,0.4711761848731917,-0.6189727032580049
SOLUSDT:short:60:1788647209.958530,SOLUSDT,1788479659.9217885,2026-09-03T23:54:19.921788+00:00,1788494100.1262462,0.5682823305978288,-0.03332819722650304
SOLUSDT:short:70:1788650017.418206,SOLUSDT,1788608038.7954352,2026-09-05T11:33:58.795435+00:00,1788622492.9304466,0.30408190764753795,-0.5113511398101921
SOLUSDT:short:70:1788650017.418206,SOLUSDT,1788501265.1120179,2026-09-04T05:54:25.112018+00:00,1788515678.7102015,0.537091990739315,-0.9227855692039898
SOLUSDT:short:70:1788650017.418206,SOLUSDT,1788584833.2516778,2026-09-05T05:07:13.251678+00:00,1788599289.6610072,0.600581305804214,-1.213057607090109
SOLUSDT:short:70:1788650017.418206,SOLUSDT,1788479784.1396244,2026-09-03T23:56:24.139624+00:00,1788494225.0982687,0.6552579186647635,0.03399422521656936
SOLUSDT:short:80:1788650017.418206,SOLUSDT,1788608038.7954352,2026-09-05T11:33:58.795435+00:00,1788622492.9304466,0.30408190764753795,-0.5113511398101921
SOLUSDT:short:80:1788650017.418206,SOLUSDT,1788501265.1120179,2026-09-04T05:54:25.112018+00:00,1788515678.7102015,0.537091990739315,-0.9227855692039898
SOLUSDT:short:80:1788650017.418206,SOLUSDT,1788584833.2516778,2026-09-05T05:07:13.251678+00:00,1788599289.6610072,0.600581305804214,-1.213057607090109
SOLUSDT:short:80:1788650017.418206,SOLUSDT,1788479784.1396244,2026-09-03T23:56:24.139624+00:00,1788494225.0982687,0.6552579186647635,0.03399422521656936
