event_id,symbol,side,threshold,day,signal_net,signal_quality,n_controls,control_mean,difference,status
BTCUSDT:long:50:1788436707.984125,BTCUSDT,long,50,2026-09-03,4.213941488774773,True,0,,,NO_CONTROL_WITHIN_FIXED_CALIPER
BTCUSDT:long:50:1788455891.082260,BTCUSDT,long,50,2026-09-03,0.4652831459925545,True,2,1.5427136916891049,-1.0774305456965503,OK
BTCUSDT:long:50:1788513426.338592,BTCUSDT,long,50,2026-09-04,-2.424896427410541,True,4,0.8223696075057191,-3.2472660349162603,OK
BTCUSDT:long:50:1788548706.778625,BTCUSDT,long,50,2026-09-04,-0.2043424302668816,False,5,0.20920130626826516,,OK
BTCUSDT:long:50:1788599163.482048,BTCUSDT,long,50,2026-09-05,-0.12590034196875644,True,5,-0.13328715323822624,0.007386811269469801,OK
BTCUSDT:long:50:1788624079.365264,BTCUSDT,long,50,2026-09-05,-0.14569569528164672,True,5,-0.8668661968354406,0.7211705015537939,OK
BTCUSDT:long:50:1788653741.911188,BTCUSDT,long,50,2026-09-06,-0.0363618925751118,True,5,-0.7293518527934716,0.6929899602183598,OK
BTCUSDT:long:50:1788686995.410030,BTCUSDT,long,50,2026-09-06,-0.37627812618038703,True,5,-0.665667546781734,0.289389420601347,OK
BTCUSDT:long:50:1788718896.157697,BTCUSDT,long,50,2026-09-06,-0.37983100341098186,True,5,-0.3435252685746558,-0.03630573483632604,OK
BTCUSDT:long:50:1788736168.197905,BTCUSDT,long,50,2026-09-06,,False,1,-0.5741661878519343,,OK
BTCUSDT:long:60:1788440586.051896,BTCUSDT,long,60,2026-09-03,2.7551348216284444,True,0,,,NO_CONTROL_WITHIN_FIXED_CALIPER
BTCUSDT:long:60:1788459037.146044,BTCUSDT,long,60,2026-09-03,0.06526839296595377,True,2,1.3312649797883858,-1.2659965868224319,OK
BTCUSDT:long:60:1788521248.493106,BTCUSDT,long,60,2026-09-04,-2.551401585921278,True,4,0.5836675839116184,-3.1350691698328963,OK
BTCUSDT:long:60:1788549899.506735,BTCUSDT,long,60,2026-09-04,-0.22456631309710973,False,5,0.15207601394978457,,OK
BTCUSDT:long:60:1788626092.492374,BTCUSDT,long,60,2026-09-05,-0.458750675499877,True,5,-0.747421798179122,0.288671122679245,OK
BTCUSDT:long:60:1788691726.477256,BTCUSDT,long,60,2026-09-06,-0.529523356840702,True,5,-0.6969255907355952,0.16740223389489328,OK
BTCUSDT:long:60:1788719759.288359,BTCUSDT,long,60,2026-09-06,-0.11211690011486908,True,4,-0.42210162692228814,0.30998472680741906,OK
BTCUSDT:long:60:1788736600.471488,BTCUSDT,long,60,2026-09-06,,False,3,-0.27762302432615155,,OK
BTCUSDT:long:70:1788440646.763561,BTCUSDT,long,70,2026-09-03,2.8443921895827096,True,0,,,NO_CONTROL_WITHIN_FIXED_CALIPER
BTCUSDT:long:70:1788691787.977298,BTCUSDT,long,70,2026-09-06,-0.4873738958144157,True,5,-0.6969255907355952,0.20955169492117953,OK
BTCUSDT:long:70:1788719882.769560,BTCUSDT,long,70,2026-09-06,-0.056057780741993635,True,5,-0.36931145786634356,0.3132536771243499,OK
BTCUSDT:long:70:1788736600.471488,BTCUSDT,long,70,2026-09-06,,False,3,-0.27762302432615155,,OK
BTCUSDT:long:80:1788440646.763561,BTCUSDT,long,80,2026-09-03,2.8443921895827096,True,0,,,NO_CONTROL_WITHIN_FIXED_CALIPER
BTCUSDT:long:80:1788691849.438029,BTCUSDT,long,80,2026-09-06,-0.5137406739869753,True,5,-0.7041402364024506,0.1903995624154753,OK
BTCUSDT:long:80:1788720252.918600,BTCUSDT,long,80,2026-09-06,-0.08420946722162082,True,5,-0.36354994700482635,0.27934047978320553,OK
BTCUSDT:long:80:1788736662.256192,BTCUSDT,long,80,2026-09-06,,False,2,-0.31159343277091456,,OK
BTCUSDT:short:50:1788432292.016592,BTCUSDT,short,50,2026-09-03,-3.071744717319138,True,0,,,NO_CONTROL_WITHIN_FIXED_CALIPER
BTCUSDT:short:50:1788483018.418626,BTCUSDT,short,50,2026-09-04,-0.025890885230042016,True,0,,,NO_CONTROL_WITHIN_FIXED_CALIPER
BTCUSDT:short:50:1788525452.500958,BTCUSDT,short,50,2026-09-04,-0.4220760174297754,True,0,,,NO_CONTROL_WITHIN_FIXED_CALIPER
BTCUSDT:short:50:1788570076.208749,BTCUSDT,short,50,2026-09-05,-0.027712772979695433,True,3,-1.2338478076481607,1.2061350346684652,OK
BTCUSDT:short:50:1788671720.590411,BTCUSDT,short,50,2026-09-06,-0.2585147458661917,True,4,-0.39498866824837986,0.13647392238218814,OK
BTCUSDT:short:50:1788701009.854528,BTCUSDT,short,50,2026-09-06,0.01748279898435634,True,4,-0.248294423895689,0.26577722288004535,OK
BTCUSDT:short:60:1788483018.418626,BTCUSDT,short,60,2026-09-04,-0.025890885230042016,True,0,,,NO_CONTROL_WITHIN_FIXED_CALIPER
BTCUSDT:short:60:1788525452.500958,BTCUSDT,short,60,2026-09-04,-0.4220760174297754,True,0,,,NO_CONTROL_WITHIN_FIXED_CALIPER
BTCUSDT:short:70:1788533985.822224,BTCUSDT,short,70,2026-09-04,-1.001076256833091,True,1,-0.3227049603314346,-0.6783712965016565,OK
ETHUSDT:long:50:1788439069.565877,ETHUSDT,long,50,2026-09-03,3.1126569136385207,True,0,,,NO_CONTROL_WITHIN_FIXED_CALIPER
ETHUSDT:long:50:1788455830.127855,ETHUSDT,long,50,2026-09-03,0.41154444079763774,True,2,1.3687176141152202,-0.9571731733175824,OK
ETHUSDT:long:50:1788471218.489975,ETHUSDT,long,50,2026-09-03,-0.6980438677689959,True,3,1.0095963049510452,-1.707640172720041,OK
ETHUSDT:long:50:1788490983.836880,ETHUSDT,long,50,2026-09-04,-0.17892564220987273,True,3,0.8784884749477858,-1.0574141171576585,OK
ETHUSDT:long:50:1788511491.037888,ETHUSDT,long,50,2026-09-04,-2.8382415208811484,True,4,0.7118964499232833,-3.550137970804432,OK
ETHUSDT:long:50:1788540474.809328,ETHUSDT,long,50,2026-09-04,-0.3590253618916982,True,5,0.18379231032637613,-0.5428176722180743,OK
ETHUSDT:long:50:1788557614.497340,ETHUSDT,long,50,2026-09-04,-0.1554484225451923,True,5,0.04021327255123497,-0.19566169509642728,OK
ETHUSDT:long:50:1788593998.306329,ETHUSDT,long,50,2026-09-05,-0.3144979065026664,True,5,0.17177831605748933,-0.48627622256015574,OK
ETHUSDT:long:50:1788623042.251099,ETHUSDT,long,50,2026-09-05,0.6372459197831893,True,5,-0.7273097869410882,1.3645557067242775,OK
ETHUSDT:long:50:1788644524.707708,ETHUSDT,long,50,2026-09-05,0.6269688367017557,True,5,-0.6659729492995158,1.2929417860012715,OK
ETHUSDT:long:50:1788659361.607322,ETHUSDT,long,50,2026-09-06,0.3949219421512363,True,5,-0.520615402930451,0.9155373450816874,OK
ETHUSDT:long:50:1788693570.372481,ETHUSDT,long,50,2026-09-06,-1.115911646811043,True,5,0.11746405469983415,-1.2333757015108773,OK
ETHUSDT:long:50:1788726112.870767,ETHUSDT,long,50,2026-09-06,0.7123243338598907,True,5,0.008409868867203074,0.7039144649926876,OK
ETHUSDT:long:60:1788444536.754252,ETHUSDT,long,60,2026-09-03,2.8724746553622094,True,0,,,NO_CONTROL_WITHIN_FIXED_CALIPER
ETHUSDT:long:60:1788459284.569770,ETHUSDT,long,60,2026-09-03,-0.3348471754970682,True,1,2.992870863758954,-3.3277180392560224,OK
ETHUSDT:long:60:1788491295.821063,ETHUSDT,long,60,2026-09-04,-0.19433377854099143,True,2,0.9428109079149793,-1.1371446864559709,OK
ETHUSDT:long:60:1788512365.304357,ETHUSDT,long,60,2026-09-04,-3.055330868088282,True,3,0.594429521088015,-3.6497603891762966,OK
ETHUSDT:long:60:1788627007.967252,ETHUSDT,long,60,2026-09-05,0.22736842105262955,True,5,-0.8727932468944077,1.1001616679470372,OK
ETHUSDT:long:60:1788644891.020141,ETHUSDT,long,60,2026-09-05,0.3613332690484229,True,5,-0.8287597702971672,1.19009303934559,OK
ETHUSDT:long:60:1788659544.969012,ETHUSDT,long,60,2026-09-06,0.2619718849534137,True,4,-0.7604858293622807,1.0224577143156943,OK
ETHUSDT:long:60:1788728147.249871,ETHUSDT,long,60,2026-09-06,0.3913522604412779,False,5,-0.164416415179227,,OK
ETHUSDT:long:70:1788446305.270870,ETHUSDT,long,70,2026-09-03,1.545487200761384,True,0,,,NO_CONTROL_WITHIN_FIXED_CALIPER
ETHUSDT:long:70:1788644891.020141,ETHUSDT,long,70,2026-09-05,0.3613332690484229,True,5,-0.8287597702971672,1.19009303934559,OK
ETHUSDT:long:70:1788659544.969012,ETHUSDT,long,70,2026-09-06,0.2619718849534137,True,4,-0.7604858293622807,1.0224577143156943,OK
ETHUSDT:long:70:1788728147.249871,ETHUSDT,long,70,2026-09-06,0.3913522604412779,False,5,-0.164416415179227,,OK
ETHUSDT:long:80:1788450044.618003,ETHUSDT,long,80,2026-09-03,0.6159038557836817,True,0,,,NO_CONTROL_WITHIN_FIXED_CALIPER
ETHUSDT:long:80:1788659544.969012,ETHUSDT,long,80,2026-09-06,0.2619718849534137,True,4,-0.7604858293622807,1.0224577143156943,OK
ETHUSDT:long:80:1788728393.975796,ETHUSDT,long,80,2026-09-06,,False,5,-0.15063129517003604,,OK
ETHUSDT:short:50:1788429271.535756,ETHUSDT,short,50,2026-09-03,-1.4279920317726758,True,0,,,INSUFFICIENT_PAST_SCALING_ROWS
ETHUSDT:short:50:1788473699.103550,ETHUSDT,short,50,2026-09-03,-0.06846946316365832,True,1,-0.512814251401119,0.4443447882374607,OK
ETHUSDT:short:50:1788525137.010039,ETHUSDT,short,50,2026-09-04,-0.5896946780200051,True,0,,,NO_CONTROL_WITHIN_FIXED_CALIPER
ETHUSDT:short:50:1788583895.108819,ETHUSDT,short,50,2026-09-05,-0.3433929592420303,True,3,-0.7266649298206515,0.38327197057862117,OK
ETHUSDT:short:50:1788616619.057452,ETHUSDT,short,50,2026-09-05,-1.2246343244312863,True,3,-0.5072915089914903,-0.7173428154397959,OK
ETHUSDT:short:50:1788679998.591564,ETHUSDT,short,50,2026-09-06,-0.43008062898632005,True,2,-0.9376496353942687,0.5075690064079487,OK
ETHUSDT:short:50:1788700887.492880,ETHUSDT,short,50,2026-09-06,-0.020462368353448723,True,4,-0.6063918530400414,0.5859294846865927,OK
ETHUSDT:short:60:1788432171.325016,ETHUSDT,short,60,2026-09-03,-3.082386315600041,True,0,,,NO_CONTROL_WITHIN_FIXED_CALIPER
ETHUSDT:short:60:1788584957.815997,ETHUSDT,short,60,2026-09-05,-0.604221891409975,True,3,-0.7902055388338569,0.18598364742388196,OK
ETHUSDT:short:70:1788584957.815997,ETHUSDT,short,70,2026-09-05,-0.604221891409975,True,3,-0.7902055388338569,0.18598364742388196,OK
SOLUSDT:long:50:1788445084.940653,SOLUSDT,long,50,2026-09-03,2.7063002944062697,True,0,,,NO_CONTROL_WITHIN_FIXED_CALIPER
SOLUSDT:long:50:1788464533.820471,SOLUSDT,long,50,2026-09-03,-1.457634000569199,True,2,1.8189765368743427,-3.276610537443542,OK
SOLUSDT:long:50:1788496156.387563,SOLUSDT,long,50,2026-09-04,-0.39831094049904914,True,2,0.5784973460168352,-0.9768082865158844,OK
SOLUSDT:long:50:1788512428.129730,SOLUSDT,long,50,2026-09-04,-2.930551558753005,True,3,0.31300065733737154,-3.2435522160903765,OK
SOLUSDT:long:50:1788539783.735051,SOLUSDT,long,50,2026-09-04,-0.2868465992737289,True,5,-0.4214423148177415,0.13459571554401262,OK
SOLUSDT:long:50:1788570640.037419,SOLUSDT,long,50,2026-09-05,-0.3260237417835897,True,5,-0.4618787948529013,0.13585505306931156,OK
SOLUSDT:long:50:1788591320.377654,SOLUSDT,long,50,2026-09-05,0.26182886234578995,True,5,0.21350573873480272,0.04832312361098723,OK
SOLUSDT:long:50:1788611757.177222,SOLUSDT,long,50,2026-09-05,0.4358264261336099,True,5,-0.7286922887356261,1.164518714869236,OK
SOLUSDT:long:50:1788626764.103120,SOLUSDT,long,50,2026-09-05,0.015711516091507893,True,5,-0.641540327780783,0.6572518438722909,OK
SOLUSDT:long:50:1788659545.174025,SOLUSDT,long,50,2026-09-06,2.35020376778162,True,5,-0.640108796023211,2.990312563804831,OK
SOLUSDT:long:50:1788686934.949801,SOLUSDT,long,50,2026-09-06,-0.6912145331959961,True,0,,,NO_CONTROL_WITHIN_FIXED_CALIPER
SOLUSDT:long:50:1788703289.243687,SOLUSDT,long,50,2026-09-06,-0.8399625993454806,True,5,0.384564899031974,-1.2245274983774546,OK
SOLUSDT:long:50:1788719513.840312,SOLUSDT,long,50,2026-09-06,-0.9088064607005196,True,5,0.0717401710808786,-0.9805466317813982,OK
SOLUSDT:long:50:1788737034.240638,SOLUSDT,long,50,2026-09-06,,False,5,0.17872410858847065,,OK
SOLUSDT:long:60:1788445938.808902,SOLUSDT,long,60,2026-09-03,1.686526806526798,True,0,,,NO_CONTROL_WITHIN_FIXED_CALIPER
SOLUSDT:long:60:1788593624.828119,SOLUSDT,long,60,2026-09-05,-0.33478082592991665,True,5,-0.23269406650943125,-0.1020867594204854,OK
SOLUSDT:long:60:1788612497.930339,SOLUSDT,long,60,2026-09-05,0.10345283202174216,True,4,-1.324988613712485,1.4284414457342272,OK
SOLUSDT:long:60:1788631037.852192,SOLUSDT,long,60,2026-09-05,-0.514003459542569,True,4,-1.0856303646255194,0.5716269050829504,OK
SOLUSDT:long:60:1788672885.066360,SOLUSDT,long,60,2026-09-06,0.5969134987265347,True,1,-0.514003459542569,1.1109169582691036,OK
SOLUSDT:long:60:1788689453.983403,SOLUSDT,long,60,2026-09-06,-0.1387634862557573,True,5,-0.22353605160126078,0.08477256534550348,OK
SOLUSDT:long:60:1788738085.248500,SOLUSDT,long,60,2026-09-06,,False,5,0.3062472844788977,,OK
SOLUSDT:long:70:1788450106.148623,SOLUSDT,long,70,2026-09-03,0.7025729316116759,True,0,,,NO_CONTROL_WITHIN_FIXED_CALIPER
SOLUSDT:long:70:1788593624.828119,SOLUSDT,long,70,2026-09-05,-0.33478082592991665,True,5,-0.23269406650943125,-0.1020867594204854,OK
SOLUSDT:long:70:1788612497.930339,SOLUSDT,long,70,2026-09-05,0.10345283202174216,True,4,-1.324988613712485,1.4284414457342272,OK
SOLUSDT:long:80:1788593624.828119,SOLUSDT,long,80,2026-09-05,-0.33478082592991665,True,5,-0.23269406650943125,-0.1020867594204854,OK
SOLUSDT:long:80:1788612497.930339,SOLUSDT,long,80,2026-09-05,0.10345283202174216,True,4,-1.324988613712485,1.4284414457342272,OK
SOLUSDT:short:50:1788429331.976012,SOLUSDT,short,50,2026-09-03,-1.3082176734897555,True,0,,,INSUFFICIENT_PAST_SCALING_ROWS
SOLUSDT:short:50:1788477611.751687,SOLUSDT,short,50,2026-09-03,0.01469309216855852,True,0,,,NO_CONTROL_WITHIN_FIXED_CALIPER
SOLUSDT:short:50:1788501265.112018,SOLUSDT,short,50,2026-09-04,-0.9227855692039898,True,2,-0.02558415066224673,-0.8972014185417431,OK
SOLUSDT:short:50:1788525454.315506,SOLUSDT,short,50,2026-09-04,-0.8518037974683556,True,0,,,NO_CONTROL_WITHIN_FIXED_CALIPER
SOLUSDT:short:50:1788544247.371951,SOLUSDT,short,50,2026-09-04,-0.7034651898734,False,4,-0.16048503264589284,,OK
SOLUSDT:short:50:1788584770.719769,SOLUSDT,short,50,2026-09-05,-1.2428208411307118,True,4,-0.3295879848437372,-0.9132328562869746,OK
SOLUSDT:short:50:1788607728.908797,SOLUSDT,short,50,2026-09-05,-0.5111980440097773,True,4,-0.13851530690407943,-0.3726827371056979,OK
SOLUSDT:short:50:1788647148.882851,SOLUSDT,short,50,2026-09-05,-0.7292843326885866,True,5,-0.5160620068585441,-0.21322232583004253,OK
SOLUSDT:short:50:1788704520.391703,SOLUSDT,short,50,2026-09-06,-0.5641924203761438,True,0,,,NO_CONTROL_WITHIN_FIXED_CALIPER
SOLUSDT:short:60:1788477860.029869,SOLUSDT,short,60,2026-09-03,-0.19706386667951648,True,0,,,NO_CONTROL_WITHIN_FIXED_CALIPER
SOLUSDT:short:60:1788525454.315506,SOLUSDT,short,60,2026-09-04,-0.8518037974683556,True,0,,,NO_CONTROL_WITHIN_FIXED_CALIPER
SOLUSDT:short:60:1788607728.908797,SOLUSDT,short,60,2026-09-05,-0.5111980440097773,True,4,-0.13851530690407943,-0.3726827371056979,OK
SOLUSDT:short:60:1788647209.958530,SOLUSDT,short,60,2026-09-05,-0.7004953560371473,True,5,-0.5160620068585441,-0.1844333491786032,OK
SOLUSDT:short:70:1788477860.029869,SOLUSDT,short,70,2026-09-03,-0.19706386667951648,True,0,,,NO_CONTROL_WITHIN_FIXED_CALIPER
SOLUSDT:short:70:1788533355.598924,SOLUSDT,short,70,2026-09-04,-1.1250751318539276,True,0,,,NO_CONTROL_WITHIN_FIXED_CALIPER
SOLUSDT:short:70:1788650017.418206,SOLUSDT,short,70,2026-09-05,-1.3707271669575327,True,4,-0.6533000227219304,-0.7174271442356023,OK
SOLUSDT:short:80:1788477860.029869,SOLUSDT,short,80,2026-09-03,-0.19706386667951648,True,0,,,NO_CONTROL_WITHIN_FIXED_CALIPER
SOLUSDT:short:80:1788650017.418206,SOLUSDT,short,80,2026-09-05,-1.3707271669575327,True,4,-0.6533000227219304,-0.7174271442356023,OK
