symbol,side,threshold,horizon,reported_n,recovered_n,reported_mean,recovered_mean,agrees
BTCUSDT,long,50,15,11,10,-0.13148,-0.1357069454208403,False
BTCUSDT,long,60,15,9,8,-0.20374,-0.2180516804118342,False
BTCUSDT,long,70,15,4,4,-0.19335,-0.1933522016005378,True
BTCUSDT,long,80,15,4,4,-0.18608,-0.1860819647575167,True
BTCUSDT,long,90,15,0,0,,,True
BTCUSDT,long,50,30,11,10,-0.08283,-0.0848009032280449,False
BTCUSDT,long,60,30,9,8,-0.14185,-0.151682812154607,False
BTCUSDT,long,70,30,4,4,-0.06815,-0.06814882845163284,True
BTCUSDT,long,80,30,4,4,-0.09841,-0.0984112761827215,True
BTCUSDT,long,90,30,0,0,,,True
BTCUSDT,long,50,60,11,10,0.01368,-0.003836654811268825,False
BTCUSDT,long,60,60,9,8,-0.07808,-0.11144200693230732,False
BTCUSDT,long,70,60,4,4,-0.08251,-0.08251046616068669,True
BTCUSDT,long,80,60,4,4,-0.09966,-0.09965530690275937,True
BTCUSDT,long,90,60,0,0,,,True
BTCUSDT,long,50,240,10,9,0.07693,0.10954652418589117,False
BTCUSDT,long,60,240,8,7,-0.15907,-0.15085080241134824,False
BTCUSDT,long,70,240,3,3,0.76699,0.7669868376754333,True
BTCUSDT,long,80,240,3,3,0.74881,0.7488140161247044,True
BTCUSDT,long,90,240,0,0,,,True
BTCUSDT,short,50,15,6,6,-0.17986,-0.17985900231616123,True
BTCUSDT,short,60,15,2,2,-0.0741,-0.07410424556105955,True
BTCUSDT,short,70,15,1,1,-0.47408,-0.4740785590409934,True
BTCUSDT,short,80,15,0,0,,,True
BTCUSDT,short,90,15,0,0,,,True
BTCUSDT,short,50,30,6,6,-0.1539,-0.15390029435432948,True
BTCUSDT,short,60,30,2,2,0.15294,0.15294013613287094,True
BTCUSDT,short,70,30,1,1,-0.75805,-0.7580513382217234,True
BTCUSDT,short,80,30,0,0,,,True
BTCUSDT,short,90,30,0,0,,,True
BTCUSDT,short,50,60,6,6,-0.09328,-0.09327658071833618,True
BTCUSDT,short,60,60,2,2,0.17731,0.17730880031015317,True
BTCUSDT,short,70,60,1,1,-0.70088,-0.7008764616991757,True
BTCUSDT,short,80,60,0,0,,,True
BTCUSDT,short,90,60,0,0,,,True
BTCUSDT,short,50,240,6,6,-0.63141,-0.6314093899734144,True
BTCUSDT,short,60,240,2,2,-0.22398,-0.2239834513299087,True
BTCUSDT,short,70,240,1,1,-1.00108,-1.001076256833091,True
BTCUSDT,short,80,240,0,0,,,True
BTCUSDT,short,90,240,0,0,,,True
ETHUSDT,long,50,15,14,13,-0.12029,-0.11533109649473287,False
ETHUSDT,long,60,15,8,8,-0.03412,-0.03412276277210902,True
ETHUSDT,long,70,15,4,4,0.19577,0.19577108601876514,True
ETHUSDT,long,80,15,3,3,0.22035,0.2203479884731997,True
ETHUSDT,long,90,15,0,0,,,True
ETHUSDT,long,50,30,14,13,-0.12604,-0.12627941020850272,False
ETHUSDT,long,60,30,8,8,-0.07709,-0.07709118504217949,True
ETHUSDT,long,70,30,4,4,0.26372,0.2637211645669219,True
ETHUSDT,long,80,30,3,3,-0.01822,-0.018221668052208,True
ETHUSDT,long,90,30,0,0,,,True
ETHUSDT,long,50,60,14,13,-0.15496,-0.14033706421402492,False
ETHUSDT,long,60,60,8,8,0.09334,0.09334370329828959,True
ETHUSDT,long,70,60,4,4,0.18266,0.18265649155284955,True
ETHUSDT,long,80,60,3,3,-0.17242,-0.17242015893137294,True
ETHUSDT,long,90,60,0,0,,,True
ETHUSDT,long,50,240,14,13,-0.04621,0.018120616793970257,False
ETHUSDT,long,60,240,8,8,0.06625,0.06624858359145147,True
ETHUSDT,long,70,240,4,4,0.64004,0.6400361538011246,True
ETHUSDT,long,80,240,2,2,0.43894,0.4389378703685477,True
ETHUSDT,long,90,240,0,0,,,True
ETHUSDT,short,50,15,7,7,-0.02512,-0.025119008195870336,True
ETHUSDT,short,60,15,2,2,-0.29892,-0.29891558581957234,True
ETHUSDT,short,70,15,1,1,-0.24596,-0.2459631271573136,True
ETHUSDT,short,80,15,0,0,,,True
ETHUSDT,short,90,15,0,0,,,True
ETHUSDT,short,50,30,7,7,-0.15847,-0.15847184595948205,True
ETHUSDT,short,60,30,2,2,-0.38959,-0.3895929748520842,True
ETHUSDT,short,70,30,1,1,-0.27623,-0.2762269953704565,True
ETHUSDT,short,80,30,0,0,,,True
ETHUSDT,short,90,30,0,0,,,True
ETHUSDT,short,50,60,7,7,-0.09323,-0.09323481442121272,True
ETHUSDT,short,60,60,2,2,-0.60376,-0.6037571312677702,True
ETHUSDT,short,70,60,1,1,-0.30485,-0.30485497881528534,True
ETHUSDT,short,80,60,0,0,,,True
ETHUSDT,short,90,60,0,0,,,True
ETHUSDT,short,50,240,7,7,-0.58639,-0.5863894934242034,True
ETHUSDT,short,60,240,2,2,-1.8433,-1.843304103505008,True
ETHUSDT,short,70,240,1,1,-0.60422,-0.604221891409975,True
ETHUSDT,short,80,240,0,0,,,True
ETHUSDT,short,90,240,0,0,,,True
SOLUSDT,long,50,15,15,14,-0.14,-0.1478084062061241,False
SOLUSDT,long,60,15,8,7,-0.09008,-0.10140589185502255,False
SOLUSDT,long,70,15,4,3,0.017,0.02627814042202555,False
SOLUSDT,long,80,15,2,2,-0.12536,-0.12535562533061084,True
SOLUSDT,long,90,15,0,0,,,True
SOLUSDT,long,50,30,15,14,-0.11578,-0.11690130485352888,False
SOLUSDT,long,60,30,8,7,0.18081,0.2096086232860658,False
SOLUSDT,long,70,30,4,3,-0.16037,-0.20691422508874854,False
SOLUSDT,long,80,30,2,2,-0.16429,-0.16428812385981473,True
SOLUSDT,long,90,30,0,0,,,True
SOLUSDT,long,50,60,15,14,-0.19247,-0.2082780734329046,False
SOLUSDT,long,60,60,8,7,-0.16942,-0.17506307725041365,False
SOLUSDT,long,70,60,4,3,-0.26734,-0.31314368793054886,False
SOLUSDT,long,80,60,2,2,-0.25668,-0.25667870740993737,True
SOLUSDT,long,90,60,0,0,,,True
SOLUSDT,long,50,240,14,13,-0.20246,-0.15919073595090544,False
SOLUSDT,long,60,240,7,6,0.10194,0.23322422759113862,False
SOLUSDT,long,70,240,4,3,-0.05363,0.15708164590116713,False
SOLUSDT,long,80,240,2,2,-0.11566,-0.11566399695408724,True
SOLUSDT,long,90,240,0,0,,,True
SOLUSDT,short,50,15,9,9,-0.26378,-0.26377938505131127,True
SOLUSDT,short,60,15,4,4,-0.29161,-0.29161257577337774,True
SOLUSDT,short,70,15,3,3,-0.36166,-0.3616638934559678,True
SOLUSDT,short,80,15,2,2,-0.2984,-0.2983979199928898,True
SOLUSDT,short,90,15,0,0,,,True
SOLUSDT,short,50,30,9,9,-0.23683,-0.2368307844398253,True
SOLUSDT,short,60,30,4,4,-0.16721,-0.16721340220906478,True
SOLUSDT,short,70,30,3,3,-0.33587,-0.33586585629581595,True
SOLUSDT,short,80,30,2,2,-0.10546,-0.10545666084933114,True
SOLUSDT,short,90,30,0,0,,,True
SOLUSDT,short,50,60,9,9,-0.22934,-0.22933818388675847,True
SOLUSDT,short,60,60,4,4,-0.16533,-0.1653336233620205,True
SOLUSDT,short,70,60,3,3,-0.47003,-0.470034647794691,True
SOLUSDT,short,80,60,2,2,-0.2072,-0.20719745880517715,True
SOLUSDT,short,90,60,0,0,,,True
SOLUSDT,short,50,240,9,9,-0.75767,-0.7576749751191292,True
SOLUSDT,short,60,240,4,4,-0.56514,-0.5651402660486992,True
SOLUSDT,short,70,240,3,3,-0.89762,-0.897622055163659,True
SOLUSDT,short,80,240,2,2,-0.7839,-0.7838955168185247,True
SOLUSDT,short,90,240,0,0,,,True
