policy,threshold,level_type,entry_utc,ts,price,score,atr_proxy,support,reaction_low,flags,net,exclusion,mae,mfe,exit_utc,holding_seconds
score_only,50,none,2026-09-08T09:37:14.998496+00:00,1788860234.9984958,2492.94,54,6.479285714285685,,,"{""prior_1h"": null, ""prior_4h"": null, ""prior_day"": null}",-1.8035543575056012,,-1.6835543575056011,0.20979245388978995,2026-09-08T13:37:20.132341+00:00,14405.133845090866
score_only,50,none,2026-09-08T16:38:08.033131+00:00,1788885488.0331314,2497.93,56,9.942142857142796,,2488.29,"{""prior_1h"": false, ""prior_4h"": false, ""prior_day"": null}",-0.730905830027253,,-0.8767259290692553,0.26501943609309464,2026-09-08T20:38:14.597819+00:00,14406.564687490463
score_only,50,none,2026-09-09T00:10:15.885615+00:00,1788912615.8856149,2490.4,52,3.910714285714253,,2482.8,"{""prior_1h"": false, ""prior_4h"": false, ""prior_day"": null}",0.025358175393517368,,-0.1887247028589889,0.43205910697075023,2026-09-09T04:10:29.873805+00:00,14413.988190412521
score_only,50,none,2026-09-09T05:19:39.962744+00:00,1788931179.9627445,2507.51,62,5.618571428571483,,2502.86,"{""prior_1h"": false, ""prior_4h"": false, ""prior_day"": null}",-0.04063840223968096,,-0.6811538139429252,0.5308054603969659,2026-09-09T09:19:51.372620+00:00,14411.409875869751
score_only,50,none,2026-09-10T02:54:20.875873+00:00,1789008860.8758726,2473.24,54,5.902857142857134,,2468.39,"{""prior_1h"": false, ""prior_4h"": false, ""prior_day"": false}",0.1327049538257442,,-0.07843961766749175,0.415649108052607,2026-09-10T06:54:33.547183+00:00,14412.671310663223
score_only,50,none,2026-09-11T04:28:13.339466+00:00,1789100893.3394656,2460.44,54,5.353571428571415,,2448.07,"{""prior_1h"": false, ""prior_4h"": false, ""prior_day"": false}",0.33073238932873406,,-0.18777129293946482,0.5620945847084169,2026-09-11T08:28:41.032187+00:00,14427.69272184372
score_only,50,none,2026-09-11T08:32:53.225301+00:00,1789115573.2253008,2482.14,50,4.307857142857204,,2466.26,"{""prior_1h"": false, ""prior_4h"": false, ""prior_day"": false}",-0.5857271547938491,,-1.8258438283094258,0.0,2026-09-11T12:33:28.361130+00:00,14435.1358294487
score_only,50,none,2026-09-12T06:52:01.734716+00:00,1789195921.734716,2520.36,54,2.581428571428595,,2513.24,"{""prior_1h"": false, ""prior_4h"": false, ""prior_day"": false}",0.3442193972289599,,-0.09284387944580308,0.6046755225443956,2026-09-12T10:52:24.973641+00:00,14423.238925218582
score_only,50,none,2026-09-12T13:23:13.845774+00:00,1789219393.8457744,2538.66,50,3.3350000000000364,,2535.76,"{""prior_1h"": false, ""prior_4h"": false, ""prior_day"": false}",-0.5792974246255821,,-0.4592974246255821,0.18986394397044748,2026-09-12T17:23:30.707466+00:00,14416.861691474915
score_only,50,none,2026-09-12T23:33:02.067161+00:00,1789255982.0671608,2523.97,50,2.8578571428571586,,,"{""prior_1h"": null, ""prior_4h"": null, ""prior_day"": null}",-0.307006977103521,,-0.21434486146824083,0.10261611667334858,2026-09-13T03:33:54.227555+00:00,14452.16039443016
score_only,50,none,2026-09-13T14:21:12.479963+00:00,1789309272.4799626,2488.07,62,5.622142857142892,,2479.77,"{""prior_1h"": false, ""prior_4h"": false, ""prior_day"": false}",0.6404287660716746,,-0.19292061718521047,0.8858271672420814,2026-09-13T18:21:37.264353+00:00,14424.784389972687
score_only,50,none,2026-09-13T19:10:45.494169+00:00,1789326645.494169,2509.95,54,3.882857142857152,,2507.7,"{""prior_1h"": false, ""prior_4h"": false, ""prior_day"": false}",-1.4865610868742296,,-1.4888742803641497,0.21474531365168747,2026-09-13T23:11:30.750379+00:00,14445.256209611893
score_only,50,none,2026-09-16T06:03:07.423687+00:00,1789538587.423687,2406.77,54,,,,"{""prior_1h"": null, ""prior_4h"": null, ""prior_day"": null}",-0.24714135542656324,,-0.9219825741554111,0.0506903443203921,2026-09-16T10:03:38.334283+00:00,14430.910595655441
score_only,50,none,2026-09-16T11:40:53.832464+00:00,1789558853.8324635,2412.9,54,5.503571428571441,,2404.61,"{""prior_1h"": false, ""prior_4h"": false, ""prior_day"": null}",-0.968771188196773,,-1.32371834721704,0.5768991669774959,2026-09-16T15:41:39.573545+00:00,14445.741081953049
score_only,50,none,2026-09-16T23:53:03.711397+00:00,1789602783.7113972,2419.19,56,,,,"{""prior_1h"": null, ""prior_4h"": null, ""prior_day"": null}",0.46945349476475784,,-0.25545740516452753,0.9618922035887989,2026-09-17T03:53:46.917620+00:00,14443.206223249435
score_only,50,none,2026-09-17T05:04:43.115484+00:00,1789621483.1154838,2442.11,52,,,,"{""prior_1h"": null, ""prior_4h"": null, ""prior_day"": null}",0.029460916993904296,,-0.29523649630852633,0.45247757062538696,2026-09-17T09:05:34.434344+00:00,14451.318860530853
score_only,50,none,2026-09-17T12:20:15.888338+00:00,1789647615.8883383,2461.79,56,6.102142857142878,,,"{""prior_1h"": null, ""prior_4h"": null, ""prior_day"": null}",0.02867230754855854,,-1.2044081745396729,0.753922958497677,2026-09-17T16:21:20.506442+00:00,14464.61810350418
score_only,50,none,2026-09-17T17:24:08.201146+00:00,1789665848.2011464,2475.61,52,,,,"{""prior_1h"": null, ""prior_4h"": null, ""prior_day"": null}",-1.1096550749108336,,-1.2324235238991732,0.0,2026-09-17T21:24:28.277755+00:00,14420.076608419418
score_only,50,none,2026-09-18T01:46:34.808418+00:00,1789695994.8084178,2455.74,50,5.352142857142845,,2450.52,"{""prior_1h"": false, ""prior_4h"": false, ""prior_day"": false}",0.9224556345541625,,-0.13926555742870272,1.44803602987289,2026-09-18T05:47:36.552963+00:00,14461.74454498291
score_only,50,none,2026-09-18T07:07:55.509538+00:00,1789715275.509538,2492.05,50,6.8885714285714,,2481.48,"{""prior_1h"": false, ""prior_4h"": false, ""prior_day"": false}",0.33384322144419454,,-0.2716638911739344,1.079031319596302,2026-09-18T11:08:49.864735+00:00,14454.355197191238
score_only,50,none,2026-09-18T13:43:06.801445+00:00,1789738986.801445,2532.5,50,7.008571428571388,,2504.06,"{""prior_1h"": false, ""prior_4h"": false, ""prior_day"": false}",2.2286673247778976,,0.0,3.0523198420533193,2026-09-18T17:44:02.308089+00:00,14455.506643533707
score_only,50,none,2026-09-18T17:55:53.015251+00:00,1789754153.0152514,2604.68,52,,,,"{""prior_1h"": null, ""prior_4h"": null, ""prior_day"": null}",0.6417058525423603,,-0.11402552328884097,1.512277899780412,2026-09-18T21:56:52.334599+00:00,14459.319347143173
score_only,50,none,2026-09-19T03:07:44.380543+00:00,1789787264.3805432,2626.84,50,,,,"{""prior_1h"": null, ""prior_4h"": null, ""prior_day"": null}",-0.15197758523549865,,-0.5527554019277958,0.22117829787882126,2026-09-19T07:07:57.102141+00:00,14412.721598148346
score_only,50,none,2026-09-19T08:23:11.914306+00:00,1789806191.9143057,2649.24,54,,,,"{""prior_1h"": null, ""prior_4h"": null, ""prior_day"": null}",-0.45670033670032406,,-0.6039467922876018,0.2068517763585076,2026-09-19T12:23:22.693696+00:00,14410.779389858246
score_only,50,none,2026-09-19T15:47:12.716362+00:00,1789832832.716362,2644.32,50,5.932857142857172,,2637.69,"{""prior_1h"": false, ""prior_4h"": false, ""prior_day"": false}",-0.41761904761905766,,-0.4553155442609036,0.4458613178435211,2026-09-19T19:47:26.245997+00:00,14413.529634952545
score_only,50,none,2026-09-20T13:05:49.816189+00:00,1789909549.8161893,2583.21,50,5.429999999999966,,2575.96,"{""prior_1h"": false, ""prior_4h"": false, ""prior_day"": false}",2.264242860626906,,-0.33330623526542924,2.445794186303085,2026-09-20T17:06:41.857517+00:00,14452.041327476501
score_only,50,none,2026-09-20T18:30:28.266909+00:00,1789929028.266909,2637.39,58,14.247857142857097,,2626.2,"{""prior_1h"": false, ""prior_4h"": false, ""prior_day"": false}",-0.026346804985224348,,-0.9585233886531652,0.2631389366001935,2026-09-20T22:31:24.635513+00:00,14456.368603944778
score_only,50,none,2026-09-20T22:59:43.528274+00:00,1789945183.5282738,2638.85,52,8.821428571428571,,2635.82,"{""prior_1h"": false, ""prior_4h"": false, ""prior_day"": false}",0.7974450991909389,,-0.2732250791064317,2.3514030733084557,2026-09-21T03:00:42.696798+00:00,14459.168523788452
score_only,50,none,2026-09-21T06:04:55.345845+00:00,1789970695.3458452,2667.28,58,8.68285714285714,,2663.48,"{""prior_1h"": false, ""prior_4h"": false, ""prior_day"": false}",1.826552292972603,,-0.7936924507363385,3.009432830448988,2026-09-21T10:05:04.187971+00:00,14408.842126131058
score_only,50,none,2026-09-21T12:11:32.393538+00:00,1789992692.3935385,2723.1,64,,,,"{""prior_1h"": null, ""prior_4h"": null, ""prior_day"": null}",0.9291718996731736,,-0.3040652197862648,1.5486026954573795,2026-09-21T16:11:38.118962+00:00,14405.72542309761
score_only,50,none,2026-09-21T18:16:34.052608+00:00,1790014594.0526078,2751.93,50,,,,"{""prior_1h"": null, ""prior_4h"": null, ""prior_day"": null}",0.9000114101739599,,-0.24927959650135056,1.8150897733590687,2026-09-21T22:17:18.979937+00:00,14444.927329301834
score_only,50,none,2026-09-22T13:02:39.632366+00:00,1790082159.6323662,2763.25,54,,,,"{""prior_1h"": null, ""prior_4h"": null, ""prior_day"": null}",-0.784434995023977,,-1.4805030308513434,0.0,2026-09-22T17:02:47.944205+00:00,14408.311839103699
score_only,50,none,2026-09-22T19:14:28.695761+00:00,1790104468.6957612,2756.64,62,,,,"{""prior_1h"": null, ""prior_4h"": null, ""prior_day"": null}",0.22571072029718764,,-0.6874310755122126,0.44293052411632505,2026-09-22T23:15:13.667866+00:00,14444.972105264664
score_only,50,none,2026-09-23T00:33:36.253629+00:00,1790123616.2536292,2762.59,58,7.802857142857159,,,"{""prior_1h"": null, ""prior_4h"": null, ""prior_day"": null}",,IMMATURE_OR_MISSING_EXIT,,,,
score_context_available,50,prior_day,2026-09-10T02:54:20.875873+00:00,1789008860.8758726,2473.24,54,5.902857142857134,2442.51,2468.39,"{""prior_1h"": false, ""prior_4h"": false, ""prior_day"": false}",0.1327049538257442,,-0.07843961766749175,0.415649108052607,2026-09-10T06:54:33.547183+00:00,14412.671310663223
score_context_available,50,prior_day,2026-09-11T04:28:13.339466+00:00,1789100893.3394656,2460.44,54,5.353571428571415,2408.22,2448.07,"{""prior_1h"": false, ""prior_4h"": false, ""prior_day"": false}",0.33073238932873406,,-0.18777129293946482,0.5620945847084169,2026-09-11T08:28:41.032187+00:00,14427.69272184372
score_context_available,50,prior_day,2026-09-11T08:32:53.225301+00:00,1789115573.2253008,2482.14,50,4.307857142857204,2408.22,2466.26,"{""prior_1h"": false, ""prior_4h"": false, ""prior_day"": false}",-0.5857271547938491,,-1.8258438283094258,0.0,2026-09-11T12:33:28.361130+00:00,14435.1358294487
score_context_available,50,prior_day,2026-09-12T06:52:01.734716+00:00,1789195921.734716,2520.36,54,2.581428571428595,2436.82,2513.24,"{""prior_1h"": false, ""prior_4h"": false, ""prior_day"": false}",0.3442193972289599,,-0.09284387944580308,0.6046755225443956,2026-09-12T10:52:24.973641+00:00,14423.238925218582
score_context_available,50,prior_day,2026-09-12T13:23:13.845774+00:00,1789219393.8457744,2538.66,50,3.3350000000000364,2436.82,2535.76,"{""prior_1h"": false, ""prior_4h"": false, ""prior_day"": false}",-0.5792974246255821,,-0.4592974246255821,0.18986394397044748,2026-09-12T17:23:30.707466+00:00,14416.861691474915
score_context_available,50,prior_day,2026-09-13T14:21:12.479963+00:00,1789309272.4799626,2488.07,62,5.622142857142892,2508.12,2479.77,"{""prior_1h"": false, ""prior_4h"": false, ""prior_day"": false}",0.6404287660716746,,-0.19292061718521047,0.8858271672420814,2026-09-13T18:21:37.264353+00:00,14424.784389972687
score_context_available,50,prior_day,2026-09-13T19:10:45.494169+00:00,1789326645.494169,2509.95,54,3.882857142857152,2508.12,2507.7,"{""prior_1h"": false, ""prior_4h"": false, ""prior_day"": false}",-1.4865610868742296,,-1.4888742803641497,0.21474531365168747,2026-09-13T23:11:30.750379+00:00,14445.256209611893
score_context_available,50,prior_day,2026-09-18T01:46:34.808418+00:00,1789695994.8084178,2455.74,50,5.352142857142845,2413.01,2450.52,"{""prior_1h"": false, ""prior_4h"": false, ""prior_day"": false}",0.9224556345541625,,-0.13926555742870272,1.44803602987289,2026-09-18T05:47:36.552963+00:00,14461.74454498291
score_context_available,50,prior_day,2026-09-18T07:07:55.509538+00:00,1789715275.509538,2492.05,50,6.8885714285714,2413.01,2481.48,"{""prior_1h"": false, ""prior_4h"": false, ""prior_day"": false}",0.33384322144419454,,-0.2716638911739344,1.079031319596302,2026-09-18T11:08:49.864735+00:00,14454.355197191238
score_context_available,50,prior_day,2026-09-18T13:43:06.801445+00:00,1789738986.801445,2532.5,50,7.008571428571388,2413.01,2504.06,"{""prior_1h"": false, ""prior_4h"": false, ""prior_day"": false}",2.2286673247778976,,0.0,3.0523198420533193,2026-09-18T17:44:02.308089+00:00,14455.506643533707
score_context_available,50,prior_day,2026-09-19T15:47:12.716362+00:00,1789832832.716362,2644.32,50,5.932857142857172,2437.01,2637.69,"{""prior_1h"": false, ""prior_4h"": false, ""prior_day"": false}",-0.41761904761905766,,-0.4553155442609036,0.4458613178435211,2026-09-19T19:47:26.245997+00:00,14413.529634952545
score_context_available,50,prior_day,2026-09-20T13:05:49.816189+00:00,1789909549.8161893,2583.21,50,5.429999999999966,2604.59,2575.96,"{""prior_1h"": false, ""prior_4h"": false, ""prior_day"": false}",2.264242860626906,,-0.33330623526542924,2.445794186303085,2026-09-20T17:06:41.857517+00:00,14452.041327476501
score_context_available,50,prior_day,2026-09-20T18:30:28.266909+00:00,1789929028.266909,2637.39,58,14.247857142857097,2604.59,2626.2,"{""prior_1h"": false, ""prior_4h"": false, ""prior_day"": false}",-0.026346804985224348,,-0.9585233886531652,0.2631389366001935,2026-09-20T22:31:24.635513+00:00,14456.368603944778
score_context_available,50,prior_day,2026-09-20T22:59:43.528274+00:00,1789945183.5282738,2638.85,52,8.821428571428571,2604.59,2635.82,"{""prior_1h"": false, ""prior_4h"": false, ""prior_day"": false}",0.7974450991909389,,-0.2732250791064317,2.3514030733084557,2026-09-21T03:00:42.696798+00:00,14459.168523788452
score_context_available,50,prior_day,2026-09-21T06:04:55.345845+00:00,1789970695.3458452,2667.28,58,8.68285714285714,2566.71,2663.48,"{""prior_1h"": false, ""prior_4h"": false, ""prior_day"": false}",1.826552292972603,,-0.7936924507363385,3.009432830448988,2026-09-21T10:05:04.187971+00:00,14408.842126131058
score_rejected_by_level,50,prior_day,2026-09-10T02:54:20.875873+00:00,1789008860.8758726,2473.24,54,5.902857142857134,2442.51,2468.39,"{""prior_1h"": false, ""prior_4h"": false, ""prior_day"": false}",0.1327049538257442,,-0.07843961766749175,0.415649108052607,2026-09-10T06:54:33.547183+00:00,14412.671310663223
score_rejected_by_level,50,prior_day,2026-09-11T04:28:13.339466+00:00,1789100893.3394656,2460.44,54,5.353571428571415,2408.22,2448.07,"{""prior_1h"": false, ""prior_4h"": false, ""prior_day"": false}",0.33073238932873406,,-0.18777129293946482,0.5620945847084169,2026-09-11T08:28:41.032187+00:00,14427.69272184372
score_rejected_by_level,50,prior_day,2026-09-11T08:32:53.225301+00:00,1789115573.2253008,2482.14,50,4.307857142857204,2408.22,2466.26,"{""prior_1h"": false, ""prior_4h"": false, ""prior_day"": false}",-0.5857271547938491,,-1.8258438283094258,0.0,2026-09-11T12:33:28.361130+00:00,14435.1358294487
score_rejected_by_level,50,prior_day,2026-09-12T06:52:01.734716+00:00,1789195921.734716,2520.36,54,2.581428571428595,2436.82,2513.24,"{""prior_1h"": false, ""prior_4h"": false, ""prior_day"": false}",0.3442193972289599,,-0.09284387944580308,0.6046755225443956,2026-09-12T10:52:24.973641+00:00,14423.238925218582
score_rejected_by_level,50,prior_day,2026-09-12T13:23:13.845774+00:00,1789219393.8457744,2538.66,50,3.3350000000000364,2436.82,2535.76,"{""prior_1h"": false, ""prior_4h"": false, ""prior_day"": false}",-0.5792974246255821,,-0.4592974246255821,0.18986394397044748,2026-09-12T17:23:30.707466+00:00,14416.861691474915
score_rejected_by_level,50,prior_day,2026-09-13T14:21:12.479963+00:00,1789309272.4799626,2488.07,62,5.622142857142892,2508.12,2479.77,"{""prior_1h"": false, ""prior_4h"": false, ""prior_day"": false}",0.6404287660716746,,-0.19292061718521047,0.8858271672420814,2026-09-13T18:21:37.264353+00:00,14424.784389972687
score_rejected_by_level,50,prior_day,2026-09-13T19:10:45.494169+00:00,1789326645.494169,2509.95,54,3.882857142857152,2508.12,2507.7,"{""prior_1h"": false, ""prior_4h"": false, ""prior_day"": false}",-1.4865610868742296,,-1.4888742803641497,0.21474531365168747,2026-09-13T23:11:30.750379+00:00,14445.256209611893
score_rejected_by_level,50,prior_day,2026-09-18T01:46:34.808418+00:00,1789695994.8084178,2455.74,50,5.352142857142845,2413.01,2450.52,"{""prior_1h"": false, ""prior_4h"": false, ""prior_day"": false}",0.9224556345541625,,-0.13926555742870272,1.44803602987289,2026-09-18T05:47:36.552963+00:00,14461.74454498291
score_rejected_by_level,50,prior_day,2026-09-18T07:07:55.509538+00:00,1789715275.509538,2492.05,50,6.8885714285714,2413.01,2481.48,"{""prior_1h"": false, ""prior_4h"": false, ""prior_day"": false}",0.33384322144419454,,-0.2716638911739344,1.079031319596302,2026-09-18T11:08:49.864735+00:00,14454.355197191238
score_rejected_by_level,50,prior_day,2026-09-18T13:43:06.801445+00:00,1789738986.801445,2532.5,50,7.008571428571388,2413.01,2504.06,"{""prior_1h"": false, ""prior_4h"": false, ""prior_day"": false}",2.2286673247778976,,0.0,3.0523198420533193,2026-09-18T17:44:02.308089+00:00,14455.506643533707
score_rejected_by_level,50,prior_day,2026-09-19T15:47:12.716362+00:00,1789832832.716362,2644.32,50,5.932857142857172,2437.01,2637.69,"{""prior_1h"": false, ""prior_4h"": false, ""prior_day"": false}",-0.41761904761905766,,-0.4553155442609036,0.4458613178435211,2026-09-19T19:47:26.245997+00:00,14413.529634952545
score_rejected_by_level,50,prior_day,2026-09-20T13:05:49.816189+00:00,1789909549.8161893,2583.21,50,5.429999999999966,2604.59,2575.96,"{""prior_1h"": false, ""prior_4h"": false, ""prior_day"": false}",2.264242860626906,,-0.33330623526542924,2.445794186303085,2026-09-20T17:06:41.857517+00:00,14452.041327476501
score_rejected_by_level,50,prior_day,2026-09-20T18:30:28.266909+00:00,1789929028.266909,2637.39,58,14.247857142857097,2604.59,2626.2,"{""prior_1h"": false, ""prior_4h"": false, ""prior_day"": false}",-0.026346804985224348,,-0.9585233886531652,0.2631389366001935,2026-09-20T22:31:24.635513+00:00,14456.368603944778
score_rejected_by_level,50,prior_day,2026-09-20T22:59:43.528274+00:00,1789945183.5282738,2638.85,52,8.821428571428571,2604.59,2635.82,"{""prior_1h"": false, ""prior_4h"": false, ""prior_day"": false}",0.7974450991909389,,-0.2732250791064317,2.3514030733084557,2026-09-21T03:00:42.696798+00:00,14459.168523788452
score_rejected_by_level,50,prior_day,2026-09-21T06:04:55.345845+00:00,1789970695.3458452,2667.28,58,8.68285714285714,2566.71,2663.48,"{""prior_1h"": false, ""prior_4h"": false, ""prior_day"": false}",1.826552292972603,,-0.7936924507363385,3.009432830448988,2026-09-21T10:05:04.187971+00:00,14408.842126131058
score_context_available,50,prior_1h,2026-09-08T16:38:08.033131+00:00,1788885488.0331314,2497.93,56,9.942142857142796,2481.09,2488.29,"{""prior_1h"": false, ""prior_4h"": false, ""prior_day"": null}",-0.730905830027253,,-0.8767259290692553,0.26501943609309464,2026-09-08T20:38:14.597819+00:00,14406.564687490463
score_context_available,50,prior_1h,2026-09-09T00:10:15.885615+00:00,1788912615.8856149,2490.4,52,3.910714285714253,2481.85,2482.8,"{""prior_1h"": false, ""prior_4h"": false, ""prior_day"": null}",0.025358175393517368,,-0.1887247028589889,0.43205910697075023,2026-09-09T04:10:29.873805+00:00,14413.988190412521
score_context_available,50,prior_1h,2026-09-09T05:19:39.962744+00:00,1788931179.9627445,2507.51,62,5.618571428571483,2493.51,2502.86,"{""prior_1h"": false, ""prior_4h"": false, ""prior_day"": null}",-0.04063840223968096,,-0.6811538139429252,0.5308054603969659,2026-09-09T09:19:51.372620+00:00,14411.409875869751
score_context_available,50,prior_1h,2026-09-10T02:54:20.875873+00:00,1789008860.8758726,2473.24,54,5.902857142857134,2454.66,2468.39,"{""prior_1h"": false, ""prior_4h"": false, ""prior_day"": false}",0.1327049538257442,,-0.07843961766749175,0.415649108052607,2026-09-10T06:54:33.547183+00:00,14412.671310663223
score_context_available,50,prior_1h,2026-09-11T04:28:13.339466+00:00,1789100893.3394656,2460.44,54,5.353571428571415,2439.94,2448.07,"{""prior_1h"": false, ""prior_4h"": false, ""prior_day"": false}",0.33073238932873406,,-0.18777129293946482,0.5620945847084169,2026-09-11T08:28:41.032187+00:00,14427.69272184372
score_context_available,50,prior_1h,2026-09-11T08:32:53.225301+00:00,1789115573.2253008,2482.14,50,4.307857142857204,2463.41,2466.26,"{""prior_1h"": false, ""prior_4h"": false, ""prior_day"": false}",-0.5857271547938491,,-1.8258438283094258,0.0,2026-09-11T12:33:28.361130+00:00,14435.1358294487
score_context_available,50,prior_1h,2026-09-12T06:52:01.734716+00:00,1789195921.734716,2520.36,54,2.581428571428595,2509.21,2513.24,"{""prior_1h"": false, ""prior_4h"": false, ""prior_day"": false}",0.3442193972289599,,-0.09284387944580308,0.6046755225443956,2026-09-12T10:52:24.973641+00:00,14423.238925218582
score_context_available,50,prior_1h,2026-09-12T13:23:13.845774+00:00,1789219393.8457744,2538.66,50,3.3350000000000364,2530.87,2535.76,"{""prior_1h"": false, ""prior_4h"": false, ""prior_day"": false}",-0.5792974246255821,,-0.4592974246255821,0.18986394397044748,2026-09-12T17:23:30.707466+00:00,14416.861691474915
score_context_available,50,prior_1h,2026-09-13T14:21:12.479963+00:00,1789309272.4799626,2488.07,62,5.622142857142892,2464.11,2479.77,"{""prior_1h"": false, ""prior_4h"": false, ""prior_day"": false}",0.6404287660716746,,-0.19292061718521047,0.8858271672420814,2026-09-13T18:21:37.264353+00:00,14424.784389972687
score_context_available,50,prior_1h,2026-09-13T19:10:45.494169+00:00,1789326645.494169,2509.95,54,3.882857142857152,2503.47,2507.7,"{""prior_1h"": false, ""prior_4h"": false, ""prior_day"": false}",-1.4865610868742296,,-1.4888742803641497,0.21474531365168747,2026-09-13T23:11:30.750379+00:00,14445.256209611893
score_context_available,50,prior_1h,2026-09-16T11:40:53.832464+00:00,1789558853.8324635,2412.9,54,5.503571428571441,2399.65,2404.61,"{""prior_1h"": false, ""prior_4h"": false, ""prior_day"": null}",-0.968771188196773,,-1.32371834721704,0.5768991669774959,2026-09-16T15:41:39.573545+00:00,14445.741081953049
score_context_available,50,prior_1h,2026-09-18T01:46:34.808418+00:00,1789695994.8084178,2455.74,50,5.352142857142845,2438.2,2450.52,"{""prior_1h"": false, ""prior_4h"": false, ""prior_day"": false}",0.9224556345541625,,-0.13926555742870272,1.44803602987289,2026-09-18T05:47:36.552963+00:00,14461.74454498291
score_context_available,50,prior_1h,2026-09-18T07:07:55.509538+00:00,1789715275.509538,2492.05,50,6.8885714285714,2477.89,2481.48,"{""prior_1h"": false, ""prior_4h"": false, ""prior_day"": false}",0.33384322144419454,,-0.2716638911739344,1.079031319596302,2026-09-18T11:08:49.864735+00:00,14454.355197191238
score_context_available,50,prior_1h,2026-09-18T13:43:06.801445+00:00,1789738986.801445,2532.5,50,7.008571428571388,2495.59,2504.06,"{""prior_1h"": false, ""prior_4h"": false, ""prior_day"": false}",2.2286673247778976,,0.0,3.0523198420533193,2026-09-18T17:44:02.308089+00:00,14455.506643533707
score_context_available,50,prior_1h,2026-09-19T15:47:12.716362+00:00,1789832832.716362,2644.32,50,5.932857142857172,2636.23,2637.69,"{""prior_1h"": false, ""prior_4h"": false, ""prior_day"": false}",-0.41761904761905766,,-0.4553155442609036,0.4458613178435211,2026-09-19T19:47:26.245997+00:00,14413.529634952545
score_context_available,50,prior_1h,2026-09-20T13:05:49.816189+00:00,1789909549.8161893,2583.21,50,5.429999999999966,2571.05,2575.96,"{""prior_1h"": false, ""prior_4h"": false, ""prior_day"": false}",2.264242860626906,,-0.33330623526542924,2.445794186303085,2026-09-20T17:06:41.857517+00:00,14452.041327476501
score_context_available,50,prior_1h,2026-09-20T18:30:28.266909+00:00,1789929028.266909,2637.39,58,14.247857142857097,2618.64,2626.2,"{""prior_1h"": false, ""prior_4h"": false, ""prior_day"": false}",-0.026346804985224348,,-0.9585233886531652,0.2631389366001935,2026-09-20T22:31:24.635513+00:00,14456.368603944778
score_context_available,50,prior_1h,2026-09-20T22:59:43.528274+00:00,1789945183.5282738,2638.85,52,8.821428571428571,2620.84,2635.82,"{""prior_1h"": false, ""prior_4h"": false, ""prior_day"": false}",0.7974450991909389,,-0.2732250791064317,2.3514030733084557,2026-09-21T03:00:42.696798+00:00,14459.168523788452
score_context_available,50,prior_1h,2026-09-21T06:04:55.345845+00:00,1789970695.3458452,2667.28,58,8.68285714285714,2658.09,2663.48,"{""prior_1h"": false, ""prior_4h"": false, ""prior_day"": false}",1.826552292972603,,-0.7936924507363385,3.009432830448988,2026-09-21T10:05:04.187971+00:00,14408.842126131058
score_rejected_by_level,50,prior_1h,2026-09-08T16:38:08.033131+00:00,1788885488.0331314,2497.93,56,9.942142857142796,2481.09,2488.29,"{""prior_1h"": false, ""prior_4h"": false, ""prior_day"": null}",-0.730905830027253,,-0.8767259290692553,0.26501943609309464,2026-09-08T20:38:14.597819+00:00,14406.564687490463
score_rejected_by_level,50,prior_1h,2026-09-09T00:10:15.885615+00:00,1788912615.8856149,2490.4,52,3.910714285714253,2481.85,2482.8,"{""prior_1h"": false, ""prior_4h"": false, ""prior_day"": null}",0.025358175393517368,,-0.1887247028589889,0.43205910697075023,2026-09-09T04:10:29.873805+00:00,14413.988190412521
score_rejected_by_level,50,prior_1h,2026-09-09T05:19:39.962744+00:00,1788931179.9627445,2507.51,62,5.618571428571483,2493.51,2502.86,"{""prior_1h"": false, ""prior_4h"": false, ""prior_day"": null}",-0.04063840223968096,,-0.6811538139429252,0.5308054603969659,2026-09-09T09:19:51.372620+00:00,14411.409875869751
score_rejected_by_level,50,prior_1h,2026-09-10T02:54:20.875873+00:00,1789008860.8758726,2473.24,54,5.902857142857134,2454.66,2468.39,"{""prior_1h"": false, ""prior_4h"": false, ""prior_day"": false}",0.1327049538257442,,-0.07843961766749175,0.415649108052607,2026-09-10T06:54:33.547183+00:00,14412.671310663223
score_rejected_by_level,50,prior_1h,2026-09-11T04:28:13.339466+00:00,1789100893.3394656,2460.44,54,5.353571428571415,2439.94,2448.07,"{""prior_1h"": false, ""prior_4h"": false, ""prior_day"": false}",0.33073238932873406,,-0.18777129293946482,0.5620945847084169,2026-09-11T08:28:41.032187+00:00,14427.69272184372
score_rejected_by_level,50,prior_1h,2026-09-11T08:32:53.225301+00:00,1789115573.2253008,2482.14,50,4.307857142857204,2463.41,2466.26,"{""prior_1h"": false, ""prior_4h"": false, ""prior_day"": false}",-0.5857271547938491,,-1.8258438283094258,0.0,2026-09-11T12:33:28.361130+00:00,14435.1358294487
score_rejected_by_level,50,prior_1h,2026-09-12T06:52:01.734716+00:00,1789195921.734716,2520.36,54,2.581428571428595,2509.21,2513.24,"{""prior_1h"": false, ""prior_4h"": false, ""prior_day"": false}",0.3442193972289599,,-0.09284387944580308,0.6046755225443956,2026-09-12T10:52:24.973641+00:00,14423.238925218582
score_rejected_by_level,50,prior_1h,2026-09-12T13:23:13.845774+00:00,1789219393.8457744,2538.66,50,3.3350000000000364,2530.87,2535.76,"{""prior_1h"": false, ""prior_4h"": false, ""prior_day"": false}",-0.5792974246255821,,-0.4592974246255821,0.18986394397044748,2026-09-12T17:23:30.707466+00:00,14416.861691474915
score_rejected_by_level,50,prior_1h,2026-09-13T14:21:12.479963+00:00,1789309272.4799626,2488.07,62,5.622142857142892,2464.11,2479.77,"{""prior_1h"": false, ""prior_4h"": false, ""prior_day"": false}",0.6404287660716746,,-0.19292061718521047,0.8858271672420814,2026-09-13T18:21:37.264353+00:00,14424.784389972687
score_rejected_by_level,50,prior_1h,2026-09-13T19:10:45.494169+00:00,1789326645.494169,2509.95,54,3.882857142857152,2503.47,2507.7,"{""prior_1h"": false, ""prior_4h"": false, ""prior_day"": false}",-1.4865610868742296,,-1.4888742803641497,0.21474531365168747,2026-09-13T23:11:30.750379+00:00,14445.256209611893
score_rejected_by_level,50,prior_1h,2026-09-16T11:40:53.832464+00:00,1789558853.8324635,2412.9,54,5.503571428571441,2399.65,2404.61,"{""prior_1h"": false, ""prior_4h"": false, ""prior_day"": null}",-0.968771188196773,,-1.32371834721704,0.5768991669774959,2026-09-16T15:41:39.573545+00:00,14445.741081953049
score_rejected_by_level,50,prior_1h,2026-09-18T01:46:34.808418+00:00,1789695994.8084178,2455.74,50,5.352142857142845,2438.2,2450.52,"{""prior_1h"": false, ""prior_4h"": false, ""prior_day"": false}",0.9224556345541625,,-0.13926555742870272,1.44803602987289,2026-09-18T05:47:36.552963+00:00,14461.74454498291
score_rejected_by_level,50,prior_1h,2026-09-18T07:07:55.509538+00:00,1789715275.509538,2492.05,50,6.8885714285714,2477.89,2481.48,"{""prior_1h"": false, ""prior_4h"": false, ""prior_day"": false}",0.33384322144419454,,-0.2716638911739344,1.079031319596302,2026-09-18T11:08:49.864735+00:00,14454.355197191238
score_rejected_by_level,50,prior_1h,2026-09-18T13:43:06.801445+00:00,1789738986.801445,2532.5,50,7.008571428571388,2495.59,2504.06,"{""prior_1h"": false, ""prior_4h"": false, ""prior_day"": false}",2.2286673247778976,,0.0,3.0523198420533193,2026-09-18T17:44:02.308089+00:00,14455.506643533707
score_rejected_by_level,50,prior_1h,2026-09-19T15:47:12.716362+00:00,1789832832.716362,2644.32,50,5.932857142857172,2636.23,2637.69,"{""prior_1h"": false, ""prior_4h"": false, ""prior_day"": false}",-0.41761904761905766,,-0.4553155442609036,0.4458613178435211,2026-09-19T19:47:26.245997+00:00,14413.529634952545
score_rejected_by_level,50,prior_1h,2026-09-20T13:05:49.816189+00:00,1789909549.8161893,2583.21,50,5.429999999999966,2571.05,2575.96,"{""prior_1h"": false, ""prior_4h"": false, ""prior_day"": false}",2.264242860626906,,-0.33330623526542924,2.445794186303085,2026-09-20T17:06:41.857517+00:00,14452.041327476501
score_rejected_by_level,50,prior_1h,2026-09-20T18:30:28.266909+00:00,1789929028.266909,2637.39,58,14.247857142857097,2618.64,2626.2,"{""prior_1h"": false, ""prior_4h"": false, ""prior_day"": false}",-0.026346804985224348,,-0.9585233886531652,0.2631389366001935,2026-09-20T22:31:24.635513+00:00,14456.368603944778
score_rejected_by_level,50,prior_1h,2026-09-20T22:59:43.528274+00:00,1789945183.5282738,2638.85,52,8.821428571428571,2620.84,2635.82,"{""prior_1h"": false, ""prior_4h"": false, ""prior_day"": false}",0.7974450991909389,,-0.2732250791064317,2.3514030733084557,2026-09-21T03:00:42.696798+00:00,14459.168523788452
score_rejected_by_level,50,prior_1h,2026-09-21T06:04:55.345845+00:00,1789970695.3458452,2667.28,58,8.68285714285714,2658.09,2663.48,"{""prior_1h"": false, ""prior_4h"": false, ""prior_day"": false}",1.826552292972603,,-0.7936924507363385,3.009432830448988,2026-09-21T10:05:04.187971+00:00,14408.842126131058
score_context_available,50,prior_4h,2026-09-08T16:38:08.033131+00:00,1788885488.0331314,2497.93,56,9.942142857142796,2440.91,2488.29,"{""prior_1h"": false, ""prior_4h"": false, ""prior_day"": null}",-0.730905830027253,,-0.8767259290692553,0.26501943609309464,2026-09-08T20:38:14.597819+00:00,14406.564687490463
score_context_available,50,prior_4h,2026-09-09T00:10:15.885615+00:00,1788912615.8856149,2490.4,52,3.910714285714253,2476.57,2482.8,"{""prior_1h"": false, ""prior_4h"": false, ""prior_day"": null}",0.025358175393517368,,-0.1887247028589889,0.43205910697075023,2026-09-09T04:10:29.873805+00:00,14413.988190412521
score_context_available,50,prior_4h,2026-09-09T05:19:39.962744+00:00,1788931179.9627445,2507.51,62,5.618571428571483,2485.7,2502.86,"{""prior_1h"": false, ""prior_4h"": false, ""prior_day"": null}",-0.04063840223968096,,-0.6811538139429252,0.5308054603969659,2026-09-09T09:19:51.372620+00:00,14411.409875869751
score_context_available,50,prior_4h,2026-09-10T02:54:20.875873+00:00,1789008860.8758726,2473.24,54,5.902857142857134,2449.21,2468.39,"{""prior_1h"": false, ""prior_4h"": false, ""prior_day"": false}",0.1327049538257442,,-0.07843961766749175,0.415649108052607,2026-09-10T06:54:33.547183+00:00,14412.671310663223
score_context_available,50,prior_4h,2026-09-11T04:28:13.339466+00:00,1789100893.3394656,2460.44,54,5.353571428571415,2439.94,2448.07,"{""prior_1h"": false, ""prior_4h"": false, ""prior_day"": false}",0.33073238932873406,,-0.18777129293946482,0.5620945847084169,2026-09-11T08:28:41.032187+00:00,14427.69272184372
score_context_available,50,prior_4h,2026-09-11T08:32:53.225301+00:00,1789115573.2253008,2482.14,50,4.307857142857204,2449.7,2466.26,"{""prior_1h"": false, ""prior_4h"": false, ""prior_day"": false}",-0.5857271547938491,,-1.8258438283094258,0.0,2026-09-11T12:33:28.361130+00:00,14435.1358294487
score_context_available,50,prior_4h,2026-09-12T06:52:01.734716+00:00,1789195921.734716,2520.36,54,2.581428571428595,2508.65,2513.24,"{""prior_1h"": false, ""prior_4h"": false, ""prior_day"": false}",0.3442193972289599,,-0.09284387944580308,0.6046755225443956,2026-09-12T10:52:24.973641+00:00,14423.238925218582
score_context_available,50,prior_4h,2026-09-12T13:23:13.845774+00:00,1789219393.8457744,2538.66,50,3.3350000000000364,2528.25,2535.76,"{""prior_1h"": false, ""prior_4h"": false, ""prior_day"": false}",-0.5792974246255821,,-0.4592974246255821,0.18986394397044748,2026-09-12T17:23:30.707466+00:00,14416.861691474915
score_context_available,50,prior_4h,2026-09-13T14:21:12.479963+00:00,1789309272.4799626,2488.07,62,5.622142857142892,2464.11,2479.77,"{""prior_1h"": false, ""prior_4h"": false, ""prior_day"": false}",0.6404287660716746,,-0.19292061718521047,0.8858271672420814,2026-09-13T18:21:37.264353+00:00,14424.784389972687
score_context_available,50,prior_4h,2026-09-13T19:10:45.494169+00:00,1789326645.494169,2509.95,54,3.882857142857152,2483.27,2507.7,"{""prior_1h"": false, ""prior_4h"": false, ""prior_day"": false}",-1.4865610868742296,,-1.4888742803641497,0.21474531365168747,2026-09-13T23:11:30.750379+00:00,14445.256209611893
score_context_available,50,prior_4h,2026-09-16T11:40:53.832464+00:00,1789558853.8324635,2412.9,54,5.503571428571441,2384.58,2404.61,"{""prior_1h"": false, ""prior_4h"": false, ""prior_day"": null}",-0.968771188196773,,-1.32371834721704,0.5768991669774959,2026-09-16T15:41:39.573545+00:00,14445.741081953049
score_context_available,50,prior_4h,2026-09-18T01:46:34.808418+00:00,1789695994.8084178,2455.74,50,5.352142857142845,2437.01,2450.52,"{""prior_1h"": false, ""prior_4h"": false, ""prior_day"": false}",0.9224556345541625,,-0.13926555742870272,1.44803602987289,2026-09-18T05:47:36.552963+00:00,14461.74454498291
score_context_available,50,prior_4h,2026-09-18T07:07:55.509538+00:00,1789715275.509538,2492.05,50,6.8885714285714,2461,2481.48,"{""prior_1h"": false, ""prior_4h"": false, ""prior_day"": false}",0.33384322144419454,,-0.2716638911739344,1.079031319596302,2026-09-18T11:08:49.864735+00:00,14454.355197191238
score_context_available,50,prior_4h,2026-09-18T13:43:06.801445+00:00,1789738986.801445,2532.5,50,7.008571428571388,2495.59,2504.06,"{""prior_1h"": false, ""prior_4h"": false, ""prior_day"": false}",2.2286673247778976,,0.0,3.0523198420533193,2026-09-18T17:44:02.308089+00:00,14455.506643533707
score_context_available,50,prior_4h,2026-09-19T15:47:12.716362+00:00,1789832832.716362,2644.32,50,5.932857142857172,2628.74,2637.69,"{""prior_1h"": false, ""prior_4h"": false, ""prior_day"": false}",-0.41761904761905766,,-0.4553155442609036,0.4458613178435211,2026-09-19T19:47:26.245997+00:00,14413.529634952545
score_context_available,50,prior_4h,2026-09-20T13:05:49.816189+00:00,1789909549.8161893,2583.21,50,5.429999999999966,2568.59,2575.96,"{""prior_1h"": false, ""prior_4h"": false, ""prior_day"": false}",2.264242860626906,,-0.33330623526542924,2.445794186303085,2026-09-20T17:06:41.857517+00:00,14452.041327476501
score_context_available,50,prior_4h,2026-09-20T18:30:28.266909+00:00,1789929028.266909,2637.39,58,14.247857142857097,2574.6,2626.2,"{""prior_1h"": false, ""prior_4h"": false, ""prior_day"": false}",-0.026346804985224348,,-0.9585233886531652,0.2631389366001935,2026-09-20T22:31:24.635513+00:00,14456.368603944778
score_context_available,50,prior_4h,2026-09-20T22:59:43.528274+00:00,1789945183.5282738,2638.85,52,8.821428571428571,2612.11,2635.82,"{""prior_1h"": false, ""prior_4h"": false, ""prior_day"": false}",0.7974450991909389,,-0.2732250791064317,2.3514030733084557,2026-09-21T03:00:42.696798+00:00,14459.168523788452
score_context_available,50,prior_4h,2026-09-21T06:04:55.345845+00:00,1789970695.3458452,2667.28,58,8.68285714285714,2646.33,2663.48,"{""prior_1h"": false, ""prior_4h"": false, ""prior_day"": false}",1.826552292972603,,-0.7936924507363385,3.009432830448988,2026-09-21T10:05:04.187971+00:00,14408.842126131058
score_rejected_by_level,50,prior_4h,2026-09-08T16:38:08.033131+00:00,1788885488.0331314,2497.93,56,9.942142857142796,2440.91,2488.29,"{""prior_1h"": false, ""prior_4h"": false, ""prior_day"": null}",-0.730905830027253,,-0.8767259290692553,0.26501943609309464,2026-09-08T20:38:14.597819+00:00,14406.564687490463
score_rejected_by_level,50,prior_4h,2026-09-09T00:10:15.885615+00:00,1788912615.8856149,2490.4,52,3.910714285714253,2476.57,2482.8,"{""prior_1h"": false, ""prior_4h"": false, ""prior_day"": null}",0.025358175393517368,,-0.1887247028589889,0.43205910697075023,2026-09-09T04:10:29.873805+00:00,14413.988190412521
score_rejected_by_level,50,prior_4h,2026-09-09T05:19:39.962744+00:00,1788931179.9627445,2507.51,62,5.618571428571483,2485.7,2502.86,"{""prior_1h"": false, ""prior_4h"": false, ""prior_day"": null}",-0.04063840223968096,,-0.6811538139429252,0.5308054603969659,2026-09-09T09:19:51.372620+00:00,14411.409875869751
score_rejected_by_level,50,prior_4h,2026-09-10T02:54:20.875873+00:00,1789008860.8758726,2473.24,54,5.902857142857134,2449.21,2468.39,"{""prior_1h"": false, ""prior_4h"": false, ""prior_day"": false}",0.1327049538257442,,-0.07843961766749175,0.415649108052607,2026-09-10T06:54:33.547183+00:00,14412.671310663223
score_rejected_by_level,50,prior_4h,2026-09-11T04:28:13.339466+00:00,1789100893.3394656,2460.44,54,5.353571428571415,2439.94,2448.07,"{""prior_1h"": false, ""prior_4h"": false, ""prior_day"": false}",0.33073238932873406,,-0.18777129293946482,0.5620945847084169,2026-09-11T08:28:41.032187+00:00,14427.69272184372
score_rejected_by_level,50,prior_4h,2026-09-11T08:32:53.225301+00:00,1789115573.2253008,2482.14,50,4.307857142857204,2449.7,2466.26,"{""prior_1h"": false, ""prior_4h"": false, ""prior_day"": false}",-0.5857271547938491,,-1.8258438283094258,0.0,2026-09-11T12:33:28.361130+00:00,14435.1358294487
score_rejected_by_level,50,prior_4h,2026-09-12T06:52:01.734716+00:00,1789195921.734716,2520.36,54,2.581428571428595,2508.65,2513.24,"{""prior_1h"": false, ""prior_4h"": false, ""prior_day"": false}",0.3442193972289599,,-0.09284387944580308,0.6046755225443956,2026-09-12T10:52:24.973641+00:00,14423.238925218582
score_rejected_by_level,50,prior_4h,2026-09-12T13:23:13.845774+00:00,1789219393.8457744,2538.66,50,3.3350000000000364,2528.25,2535.76,"{""prior_1h"": false, ""prior_4h"": false, ""prior_day"": false}",-0.5792974246255821,,-0.4592974246255821,0.18986394397044748,2026-09-12T17:23:30.707466+00:00,14416.861691474915
score_rejected_by_level,50,prior_4h,2026-09-13T14:21:12.479963+00:00,1789309272.4799626,2488.07,62,5.622142857142892,2464.11,2479.77,"{""prior_1h"": false, ""prior_4h"": false, ""prior_day"": false}",0.6404287660716746,,-0.19292061718521047,0.8858271672420814,2026-09-13T18:21:37.264353+00:00,14424.784389972687
score_rejected_by_level,50,prior_4h,2026-09-13T19:10:45.494169+00:00,1789326645.494169,2509.95,54,3.882857142857152,2483.27,2507.7,"{""prior_1h"": false, ""prior_4h"": false, ""prior_day"": false}",-1.4865610868742296,,-1.4888742803641497,0.21474531365168747,2026-09-13T23:11:30.750379+00:00,14445.256209611893
score_rejected_by_level,50,prior_4h,2026-09-16T11:40:53.832464+00:00,1789558853.8324635,2412.9,54,5.503571428571441,2384.58,2404.61,"{""prior_1h"": false, ""prior_4h"": false, ""prior_day"": null}",-0.968771188196773,,-1.32371834721704,0.5768991669774959,2026-09-16T15:41:39.573545+00:00,14445.741081953049
score_rejected_by_level,50,prior_4h,2026-09-18T01:46:34.808418+00:00,1789695994.8084178,2455.74,50,5.352142857142845,2437.01,2450.52,"{""prior_1h"": false, ""prior_4h"": false, ""prior_day"": false}",0.9224556345541625,,-0.13926555742870272,1.44803602987289,2026-09-18T05:47:36.552963+00:00,14461.74454498291
score_rejected_by_level,50,prior_4h,2026-09-18T07:07:55.509538+00:00,1789715275.509538,2492.05,50,6.8885714285714,2461,2481.48,"{""prior_1h"": false, ""prior_4h"": false, ""prior_day"": false}",0.33384322144419454,,-0.2716638911739344,1.079031319596302,2026-09-18T11:08:49.864735+00:00,14454.355197191238
score_rejected_by_level,50,prior_4h,2026-09-18T13:43:06.801445+00:00,1789738986.801445,2532.5,50,7.008571428571388,2495.59,2504.06,"{""prior_1h"": false, ""prior_4h"": false, ""prior_day"": false}",2.2286673247778976,,0.0,3.0523198420533193,2026-09-18T17:44:02.308089+00:00,14455.506643533707
score_rejected_by_level,50,prior_4h,2026-09-19T15:47:12.716362+00:00,1789832832.716362,2644.32,50,5.932857142857172,2628.74,2637.69,"{""prior_1h"": false, ""prior_4h"": false, ""prior_day"": false}",-0.41761904761905766,,-0.4553155442609036,0.4458613178435211,2026-09-19T19:47:26.245997+00:00,14413.529634952545
score_rejected_by_level,50,prior_4h,2026-09-20T13:05:49.816189+00:00,1789909549.8161893,2583.21,50,5.429999999999966,2568.59,2575.96,"{""prior_1h"": false, ""prior_4h"": false, ""prior_day"": false}",2.264242860626906,,-0.33330623526542924,2.445794186303085,2026-09-20T17:06:41.857517+00:00,14452.041327476501
score_rejected_by_level,50,prior_4h,2026-09-20T18:30:28.266909+00:00,1789929028.266909,2637.39,58,14.247857142857097,2574.6,2626.2,"{""prior_1h"": false, ""prior_4h"": false, ""prior_day"": false}",-0.026346804985224348,,-0.9585233886531652,0.2631389366001935,2026-09-20T22:31:24.635513+00:00,14456.368603944778
score_rejected_by_level,50,prior_4h,2026-09-20T22:59:43.528274+00:00,1789945183.5282738,2638.85,52,8.821428571428571,2612.11,2635.82,"{""prior_1h"": false, ""prior_4h"": false, ""prior_day"": false}",0.7974450991909389,,-0.2732250791064317,2.3514030733084557,2026-09-21T03:00:42.696798+00:00,14459.168523788452
score_rejected_by_level,50,prior_4h,2026-09-21T06:04:55.345845+00:00,1789970695.3458452,2667.28,58,8.68285714285714,2646.33,2663.48,"{""prior_1h"": false, ""prior_4h"": false, ""prior_day"": false}",1.826552292972603,,-0.7936924507363385,3.009432830448988,2026-09-21T10:05:04.187971+00:00,14408.842126131058
score_context_available,50,any,2026-09-10T02:54:20.875873+00:00,1789008860.8758726,2473.24,54,5.902857142857134,,2468.39,"{""prior_1h"": false, ""prior_4h"": false, ""prior_day"": false}",0.1327049538257442,,-0.07843961766749175,0.415649108052607,2026-09-10T06:54:33.547183+00:00,14412.671310663223
score_context_available,50,any,2026-09-11T04:28:13.339466+00:00,1789100893.3394656,2460.44,54,5.353571428571415,,2448.07,"{""prior_1h"": false, ""prior_4h"": false, ""prior_day"": false}",0.33073238932873406,,-0.18777129293946482,0.5620945847084169,2026-09-11T08:28:41.032187+00:00,14427.69272184372
score_context_available,50,any,2026-09-11T08:32:53.225301+00:00,1789115573.2253008,2482.14,50,4.307857142857204,,2466.26,"{""prior_1h"": false, ""prior_4h"": false, ""prior_day"": false}",-0.5857271547938491,,-1.8258438283094258,0.0,2026-09-11T12:33:28.361130+00:00,14435.1358294487
score_context_available,50,any,2026-09-12T06:52:01.734716+00:00,1789195921.734716,2520.36,54,2.581428571428595,,2513.24,"{""prior_1h"": false, ""prior_4h"": false, ""prior_day"": false}",0.3442193972289599,,-0.09284387944580308,0.6046755225443956,2026-09-12T10:52:24.973641+00:00,14423.238925218582
score_context_available,50,any,2026-09-12T13:23:13.845774+00:00,1789219393.8457744,2538.66,50,3.3350000000000364,,2535.76,"{""prior_1h"": false, ""prior_4h"": false, ""prior_day"": false}",-0.5792974246255821,,-0.4592974246255821,0.18986394397044748,2026-09-12T17:23:30.707466+00:00,14416.861691474915
score_context_available,50,any,2026-09-13T14:21:12.479963+00:00,1789309272.4799626,2488.07,62,5.622142857142892,,2479.77,"{""prior_1h"": false, ""prior_4h"": false, ""prior_day"": false}",0.6404287660716746,,-0.19292061718521047,0.8858271672420814,2026-09-13T18:21:37.264353+00:00,14424.784389972687
score_context_available,50,any,2026-09-13T19:10:45.494169+00:00,1789326645.494169,2509.95,54,3.882857142857152,,2507.7,"{""prior_1h"": false, ""prior_4h"": false, ""prior_day"": false}",-1.4865610868742296,,-1.4888742803641497,0.21474531365168747,2026-09-13T23:11:30.750379+00:00,14445.256209611893
score_context_available,50,any,2026-09-18T01:46:34.808418+00:00,1789695994.8084178,2455.74,50,5.352142857142845,,2450.52,"{""prior_1h"": false, ""prior_4h"": false, ""prior_day"": false}",0.9224556345541625,,-0.13926555742870272,1.44803602987289,2026-09-18T05:47:36.552963+00:00,14461.74454498291
score_context_available,50,any,2026-09-18T07:07:55.509538+00:00,1789715275.509538,2492.05,50,6.8885714285714,,2481.48,"{""prior_1h"": false, ""prior_4h"": false, ""prior_day"": false}",0.33384322144419454,,-0.2716638911739344,1.079031319596302,2026-09-18T11:08:49.864735+00:00,14454.355197191238
score_context_available,50,any,2026-09-18T13:43:06.801445+00:00,1789738986.801445,2532.5,50,7.008571428571388,,2504.06,"{""prior_1h"": false, ""prior_4h"": false, ""prior_day"": false}",2.2286673247778976,,0.0,3.0523198420533193,2026-09-18T17:44:02.308089+00:00,14455.506643533707
score_context_available,50,any,2026-09-19T15:47:12.716362+00:00,1789832832.716362,2644.32,50,5.932857142857172,,2637.69,"{""prior_1h"": false, ""prior_4h"": false, ""prior_day"": false}",-0.41761904761905766,,-0.4553155442609036,0.4458613178435211,2026-09-19T19:47:26.245997+00:00,14413.529634952545
score_context_available,50,any,2026-09-20T13:05:49.816189+00:00,1789909549.8161893,2583.21,50,5.429999999999966,,2575.96,"{""prior_1h"": false, ""prior_4h"": false, ""prior_day"": false}",2.264242860626906,,-0.33330623526542924,2.445794186303085,2026-09-20T17:06:41.857517+00:00,14452.041327476501
score_context_available,50,any,2026-09-20T18:30:28.266909+00:00,1789929028.266909,2637.39,58,14.247857142857097,,2626.2,"{""prior_1h"": false, ""prior_4h"": false, ""prior_day"": false}",-0.026346804985224348,,-0.9585233886531652,0.2631389366001935,2026-09-20T22:31:24.635513+00:00,14456.368603944778
score_context_available,50,any,2026-09-20T22:59:43.528274+00:00,1789945183.5282738,2638.85,52,8.821428571428571,,2635.82,"{""prior_1h"": false, ""prior_4h"": false, ""prior_day"": false}",0.7974450991909389,,-0.2732250791064317,2.3514030733084557,2026-09-21T03:00:42.696798+00:00,14459.168523788452
score_context_available,50,any,2026-09-21T06:04:55.345845+00:00,1789970695.3458452,2667.28,58,8.68285714285714,,2663.48,"{""prior_1h"": false, ""prior_4h"": false, ""prior_day"": false}",1.826552292972603,,-0.7936924507363385,3.009432830448988,2026-09-21T10:05:04.187971+00:00,14408.842126131058
score_rejected_by_level,50,any,2026-09-10T02:54:20.875873+00:00,1789008860.8758726,2473.24,54,5.902857142857134,,2468.39,"{""prior_1h"": false, ""prior_4h"": false, ""prior_day"": false}",0.1327049538257442,,-0.07843961766749175,0.415649108052607,2026-09-10T06:54:33.547183+00:00,14412.671310663223
score_rejected_by_level,50,any,2026-09-11T04:28:13.339466+00:00,1789100893.3394656,2460.44,54,5.353571428571415,,2448.07,"{""prior_1h"": false, ""prior_4h"": false, ""prior_day"": false}",0.33073238932873406,,-0.18777129293946482,0.5620945847084169,2026-09-11T08:28:41.032187+00:00,14427.69272184372
score_rejected_by_level,50,any,2026-09-11T08:32:53.225301+00:00,1789115573.2253008,2482.14,50,4.307857142857204,,2466.26,"{""prior_1h"": false, ""prior_4h"": false, ""prior_day"": false}",-0.5857271547938491,,-1.8258438283094258,0.0,2026-09-11T12:33:28.361130+00:00,14435.1358294487
score_rejected_by_level,50,any,2026-09-12T06:52:01.734716+00:00,1789195921.734716,2520.36,54,2.581428571428595,,2513.24,"{""prior_1h"": false, ""prior_4h"": false, ""prior_day"": false}",0.3442193972289599,,-0.09284387944580308,0.6046755225443956,2026-09-12T10:52:24.973641+00:00,14423.238925218582
score_rejected_by_level,50,any,2026-09-12T13:23:13.845774+00:00,1789219393.8457744,2538.66,50,3.3350000000000364,,2535.76,"{""prior_1h"": false, ""prior_4h"": false, ""prior_day"": false}",-0.5792974246255821,,-0.4592974246255821,0.18986394397044748,2026-09-12T17:23:30.707466+00:00,14416.861691474915
score_rejected_by_level,50,any,2026-09-13T14:21:12.479963+00:00,1789309272.4799626,2488.07,62,5.622142857142892,,2479.77,"{""prior_1h"": false, ""prior_4h"": false, ""prior_day"": false}",0.6404287660716746,,-0.19292061718521047,0.8858271672420814,2026-09-13T18:21:37.264353+00:00,14424.784389972687
score_rejected_by_level,50,any,2026-09-13T19:10:45.494169+00:00,1789326645.494169,2509.95,54,3.882857142857152,,2507.7,"{""prior_1h"": false, ""prior_4h"": false, ""prior_day"": false}",-1.4865610868742296,,-1.4888742803641497,0.21474531365168747,2026-09-13T23:11:30.750379+00:00,14445.256209611893
score_rejected_by_level,50,any,2026-09-18T01:46:34.808418+00:00,1789695994.8084178,2455.74,50,5.352142857142845,,2450.52,"{""prior_1h"": false, ""prior_4h"": false, ""prior_day"": false}",0.9224556345541625,,-0.13926555742870272,1.44803602987289,2026-09-18T05:47:36.552963+00:00,14461.74454498291
score_rejected_by_level,50,any,2026-09-18T07:07:55.509538+00:00,1789715275.509538,2492.05,50,6.8885714285714,,2481.48,"{""prior_1h"": false, ""prior_4h"": false, ""prior_day"": false}",0.33384322144419454,,-0.2716638911739344,1.079031319596302,2026-09-18T11:08:49.864735+00:00,14454.355197191238
score_rejected_by_level,50,any,2026-09-18T13:43:06.801445+00:00,1789738986.801445,2532.5,50,7.008571428571388,,2504.06,"{""prior_1h"": false, ""prior_4h"": false, ""prior_day"": false}",2.2286673247778976,,0.0,3.0523198420533193,2026-09-18T17:44:02.308089+00:00,14455.506643533707
score_rejected_by_level,50,any,2026-09-19T15:47:12.716362+00:00,1789832832.716362,2644.32,50,5.932857142857172,,2637.69,"{""prior_1h"": false, ""prior_4h"": false, ""prior_day"": false}",-0.41761904761905766,,-0.4553155442609036,0.4458613178435211,2026-09-19T19:47:26.245997+00:00,14413.529634952545
score_rejected_by_level,50,any,2026-09-20T13:05:49.816189+00:00,1789909549.8161893,2583.21,50,5.429999999999966,,2575.96,"{""prior_1h"": false, ""prior_4h"": false, ""prior_day"": false}",2.264242860626906,,-0.33330623526542924,2.445794186303085,2026-09-20T17:06:41.857517+00:00,14452.041327476501
score_rejected_by_level,50,any,2026-09-20T18:30:28.266909+00:00,1789929028.266909,2637.39,58,14.247857142857097,,2626.2,"{""prior_1h"": false, ""prior_4h"": false, ""prior_day"": false}",-0.026346804985224348,,-0.9585233886531652,0.2631389366001935,2026-09-20T22:31:24.635513+00:00,14456.368603944778
score_rejected_by_level,50,any,2026-09-20T22:59:43.528274+00:00,1789945183.5282738,2638.85,52,8.821428571428571,,2635.82,"{""prior_1h"": false, ""prior_4h"": false, ""prior_day"": false}",0.7974450991909389,,-0.2732250791064317,2.3514030733084557,2026-09-21T03:00:42.696798+00:00,14459.168523788452
score_rejected_by_level,50,any,2026-09-21T06:04:55.345845+00:00,1789970695.3458452,2667.28,58,8.68285714285714,,2663.48,"{""prior_1h"": false, ""prior_4h"": false, ""prior_day"": false}",1.826552292972603,,-0.7936924507363385,3.009432830448988,2026-09-21T10:05:04.187971+00:00,14408.842126131058
score_only,60,none,2026-09-08T16:40:11.020059+00:00,1788885611.0200593,2501.94,62,9.942142857142796,,2489.41,"{""prior_1h"": false, ""prior_4h"": false, ""prior_day"": null}",-0.8930001518821417,,-1.0355963772112786,0.10431904841843309,2026-09-08T20:40:18.148365+00:00,14407.128305912018
score_only,60,none,2026-09-09T00:54:36.396693+00:00,1788915276.3966925,2495.34,62,4.344285714285628,,2488.27,"{""prior_1h"": false, ""prior_4h"": false, ""prior_day"": null}",0.442248030328516,,-0.38632010066765865,0.5870943438569309,2026-09-09T04:54:51.994560+00:00,14415.597867488861
score_only,60,none,2026-09-09T05:19:39.962744+00:00,1788931179.9627445,2507.51,62,5.618571428571483,,2502.86,"{""prior_1h"": false, ""prior_4h"": false, ""prior_day"": null}",-0.04063840223968096,,-0.6811538139429252,0.5308054603969659,2026-09-09T09:19:51.372620+00:00,14411.409875869751
score_only,60,none,2026-09-10T02:45:57.269069+00:00,1789008357.2690692,2470.35,62,5.902857142857134,,2461.4,"{""prior_1h"": false, ""prior_4h"": false, ""prior_day"": false}",0.06054121885562325,,0.0,0.523407614305671,2026-09-10T06:46:09.558045+00:00,14412.288975477219
score_only,60,none,2026-09-11T05:42:48.221410+00:00,1789105368.2214098,2461.87,62,5.3321428571428635,,2457.49,"{""prior_1h"": false, ""prior_4h"": false, ""prior_day"": false}",-0.07044417455023477,,0.0,0.8233578539890374,2026-09-11T09:43:14.226768+00:00,14426.005358695984
score_only,60,none,2026-09-12T08:45:19.536336+00:00,1789202719.536336,2531.26,60,3.0478571428570507,,2526.76,"{""prior_1h"": false, ""prior_4h"": false, ""prior_day"": false}",-0.023605319090105215,,-0.11891311046673403,0.18607333896951683,2026-09-12T12:46:20.707490+00:00,14461.171153783798
score_only,60,none,2026-09-13T14:21:12.479963+00:00,1789309272.4799626,2488.07,62,5.622142857142892,,2479.77,"{""prior_1h"": false, ""prior_4h"": false, ""prior_day"": false}",0.6404287660716746,,-0.19292061718521047,0.8858271672420814,2026-09-13T18:21:37.264353+00:00,14424.784389972687
score_only,60,none,2026-09-17T03:32:16.922942+00:00,1789615936.9229424,2435.03,62,,,,"{""prior_1h"": null, ""prior_4h"": null, ""prior_day"": null}",0.35555882268390804,,-0.443526363124902,0.744549348467971,2026-09-17T07:33:07.606041+00:00,14450.68309879303
score_only,60,none,2026-09-17T13:01:16.764768+00:00,1789650076.7647684,2463.47,62,,,,"{""prior_1h"": null, ""prior_4h"": null, ""prior_day"": null}",0.11097500679936101,,-1.271783297543705,0.6852123224557305,2026-09-17T17:01:22.138898+00:00,14405.374130010605
score_only,60,none,2026-09-18T02:39:04.897879+00:00,1789699144.897879,2465.38,62,5.108571428571362,,2457.91,"{""prior_1h"": false, ""prior_4h"": false, ""prior_day"": false}",0.651077886573246,,-0.1963186202532774,1.0513592225133594,2026-09-18T06:39:21.411836+00:00,14416.51395702362
score_only,60,none,2026-09-18T09:07:39.502883+00:00,1789722459.5028834,2513.63,60,6.9757142857142425,,2496.21,"{""prior_1h"": false, ""prior_4h"": false, ""prior_day"": false}",-0.7569274714257966,,-0.7176871695516063,0.21124827440792693,2026-09-18T13:07:58.208184+00:00,14418.705300092697
score_only,60,none,2026-09-18T13:52:45.816611+00:00,1789739565.8166106,2573.81,61,8.82142857142854,,2508.67,"{""prior_1h"": false, ""prior_4h"": false, ""prior_day"": false}",1.0949303950174993,,-1.0101755762857434,1.3983161150201484,2026-09-18T17:53:43.295421+00:00,14457.478810548782
score_only,60,none,2026-09-18T19:28:41.520117+00:00,1789759721.520117,2637.41,60,,,,"{""prior_1h"": null, ""prior_4h"": null, ""prior_day"": null}",-1.0383251750770617,,-0.9187043349346502,0.2525204651533164,2026-09-18T23:28:47.486719+00:00,14405.96660232544
score_only,60,none,2026-09-19T03:04:28.962678+00:00,1789787068.9626777,2626.94,60,,,,"{""prior_1h"": null, ""prior_4h"": null, ""prior_day"": null}",-0.15045368375372836,,-0.556541070599248,0.217363167792195,2026-09-19T07:04:43.487478+00:00,14414.524799823761
score_only,60,none,2026-09-20T17:03:33.649152+00:00,1789923813.6491518,2638.86,60,11.372142857142794,,2633.38,"{""prior_1h"": false, ""prior_4h"": false, ""prior_day"": false}",-0.8627449732081204,,-0.7662399672585973,0.22509720106409503,2026-09-20T21:04:23.883190+00:00,14450.234038114548
score_only,60,none,2026-09-20T22:12:31.519217+00:00,1789942351.5192165,2643.84,64,7.771428571428552,,2624.81,"{""prior_1h"": false, ""prior_4h"": false, ""prior_day"": false}",0.4220146453643193,,-0.4614500121036147,2.1582244008714557,2026-09-21T02:12:54.109111+00:00,14422.589894533157
score_only,60,none,2026-09-21T02:56:28.150708+00:00,1789959388.150708,2663.81,62,15.260000000000057,,2655.61,"{""prior_1h"": false, ""prior_4h"": false, ""prior_day"": false}",-0.2221093846783283,,-0.4257060375927768,0.4561136117065434,2026-09-21T06:56:51.004231+00:00,14422.853523492813
score_only,60,none,2026-09-21T08:11:07.359536+00:00,1789978267.3595364,2666.97,62,9.251428571428473,,2655.5,"{""prior_1h"": false, ""prior_4h"": false, ""prior_day"": false}",1.9846355977007546,,-0.032996246676930685,3.0214063150316717,2026-09-21T12:11:32.393538+00:00,14425.034002065659
score_only,60,none,2026-09-21T12:11:32.393538+00:00,1789992692.3935385,2723.1,64,,,,"{""prior_1h"": null, ""prior_4h"": null, ""prior_day"": null}",0.9291718996731736,,-0.3040652197862648,1.5486026954573795,2026-09-21T16:11:38.118962+00:00,14405.72542309761
score_only,60,none,2026-09-21T18:59:20.305254+00:00,1790017160.305254,2756.5,60,,,,"{""prior_1h"": null, ""prior_4h"": null, ""prior_day"": null}",0.6062833303101735,,-0.03373843642299201,1.6462905858878996,2026-09-21T23:00:11.770833+00:00,14451.46557879448
score_only,60,none,2026-09-22T08:41:09.274469+00:00,1790066469.2744691,2737.62,64,,,,"{""prior_1h"": null, ""prior_4h"": null, ""prior_day"": null}",0.2595267422067372,,-0.15707074027804246,0.5957729706825621,2026-09-22T12:41:58.945493+00:00,14449.671023607254
score_only,60,none,2026-09-22T19:14:28.695761+00:00,1790104468.6957612,2756.64,62,,,,"{""prior_1h"": null, ""prior_4h"": null, ""prior_day"": null}",0.22571072029718764,,-0.6874310755122126,0.44293052411632505,2026-09-22T23:15:13.667866+00:00,14444.972105264664
score_only,60,none,2026-09-23T00:34:40.838837+00:00,1790123680.8388367,2764.65,60,7.802857142857159,,,"{""prior_1h"": null, ""prior_4h"": null, ""prior_day"": null}",,IMMATURE_OR_MISSING_EXIT,,,,
score_context_available,60,prior_day,2026-09-10T02:45:57.269069+00:00,1789008357.2690692,2470.35,62,5.902857142857134,2442.51,2461.4,"{""prior_1h"": false, ""prior_4h"": false, ""prior_day"": false}",0.06054121885562325,,0.0,0.523407614305671,2026-09-10T06:46:09.558045+00:00,14412.288975477219
score_context_available,60,prior_day,2026-09-11T05:42:48.221410+00:00,1789105368.2214098,2461.87,62,5.3321428571428635,2408.22,2457.49,"{""prior_1h"": false, ""prior_4h"": false, ""prior_day"": false}",-0.07044417455023477,,0.0,0.8233578539890374,2026-09-11T09:43:14.226768+00:00,14426.005358695984
score_context_available,60,prior_day,2026-09-12T08:45:19.536336+00:00,1789202719.536336,2531.26,60,3.0478571428570507,2436.82,2526.76,"{""prior_1h"": false, ""prior_4h"": false, ""prior_day"": false}",-0.023605319090105215,,-0.11891311046673403,0.18607333896951683,2026-09-12T12:46:20.707490+00:00,14461.171153783798
score_context_available,60,prior_day,2026-09-13T14:21:12.479963+00:00,1789309272.4799626,2488.07,62,5.622142857142892,2508.12,2479.77,"{""prior_1h"": false, ""prior_4h"": false, ""prior_day"": false}",0.6404287660716746,,-0.19292061718521047,0.8858271672420814,2026-09-13T18:21:37.264353+00:00,14424.784389972687
score_context_available,60,prior_day,2026-09-18T02:39:04.897879+00:00,1789699144.897879,2465.38,62,5.108571428571362,2413.01,2457.91,"{""prior_1h"": false, ""prior_4h"": false, ""prior_day"": false}",0.651077886573246,,-0.1963186202532774,1.0513592225133594,2026-09-18T06:39:21.411836+00:00,14416.51395702362
score_context_available,60,prior_day,2026-09-18T09:07:39.502883+00:00,1789722459.5028834,2513.63,60,6.9757142857142425,2413.01,2496.21,"{""prior_1h"": false, ""prior_4h"": false, ""prior_day"": false}",-0.7569274714257966,,-0.7176871695516063,0.21124827440792693,2026-09-18T13:07:58.208184+00:00,14418.705300092697
score_context_available,60,prior_day,2026-09-18T13:52:45.816611+00:00,1789739565.8166106,2573.81,61,8.82142857142854,2413.01,2508.67,"{""prior_1h"": false, ""prior_4h"": false, ""prior_day"": false}",1.0949303950174993,,-1.0101755762857434,1.3983161150201484,2026-09-18T17:53:43.295421+00:00,14457.478810548782
score_context_available,60,prior_day,2026-09-20T17:03:33.649152+00:00,1789923813.6491518,2638.86,60,11.372142857142794,2604.59,2633.38,"{""prior_1h"": false, ""prior_4h"": false, ""prior_day"": false}",-0.8627449732081204,,-0.7662399672585973,0.22509720106409503,2026-09-20T21:04:23.883190+00:00,14450.234038114548
score_context_available,60,prior_day,2026-09-20T22:12:31.519217+00:00,1789942351.5192165,2643.84,64,7.771428571428552,2604.59,2624.81,"{""prior_1h"": false, ""prior_4h"": false, ""prior_day"": false}",0.4220146453643193,,-0.4614500121036147,2.1582244008714557,2026-09-21T02:12:54.109111+00:00,14422.589894533157
score_context_available,60,prior_day,2026-09-21T02:56:28.150708+00:00,1789959388.150708,2663.81,62,15.260000000000057,2566.71,2655.61,"{""prior_1h"": false, ""prior_4h"": false, ""prior_day"": false}",-0.2221093846783283,,-0.4257060375927768,0.4561136117065434,2026-09-21T06:56:51.004231+00:00,14422.853523492813
score_context_available,60,prior_day,2026-09-21T08:11:07.359536+00:00,1789978267.3595364,2666.97,62,9.251428571428473,2566.71,2655.5,"{""prior_1h"": false, ""prior_4h"": false, ""prior_day"": false}",1.9846355977007546,,-0.032996246676930685,3.0214063150316717,2026-09-21T12:11:32.393538+00:00,14425.034002065659
score_rejected_by_level,60,prior_day,2026-09-10T02:45:57.269069+00:00,1789008357.2690692,2470.35,62,5.902857142857134,2442.51,2461.4,"{""prior_1h"": false, ""prior_4h"": false, ""prior_day"": false}",0.06054121885562325,,0.0,0.523407614305671,2026-09-10T06:46:09.558045+00:00,14412.288975477219
score_rejected_by_level,60,prior_day,2026-09-11T05:42:48.221410+00:00,1789105368.2214098,2461.87,62,5.3321428571428635,2408.22,2457.49,"{""prior_1h"": false, ""prior_4h"": false, ""prior_day"": false}",-0.07044417455023477,,0.0,0.8233578539890374,2026-09-11T09:43:14.226768+00:00,14426.005358695984
score_rejected_by_level,60,prior_day,2026-09-12T08:45:19.536336+00:00,1789202719.536336,2531.26,60,3.0478571428570507,2436.82,2526.76,"{""prior_1h"": false, ""prior_4h"": false, ""prior_day"": false}",-0.023605319090105215,,-0.11891311046673403,0.18607333896951683,2026-09-12T12:46:20.707490+00:00,14461.171153783798
score_rejected_by_level,60,prior_day,2026-09-13T14:21:12.479963+00:00,1789309272.4799626,2488.07,62,5.622142857142892,2508.12,2479.77,"{""prior_1h"": false, ""prior_4h"": false, ""prior_day"": false}",0.6404287660716746,,-0.19292061718521047,0.8858271672420814,2026-09-13T18:21:37.264353+00:00,14424.784389972687
score_rejected_by_level,60,prior_day,2026-09-18T02:39:04.897879+00:00,1789699144.897879,2465.38,62,5.108571428571362,2413.01,2457.91,"{""prior_1h"": false, ""prior_4h"": false, ""prior_day"": false}",0.651077886573246,,-0.1963186202532774,1.0513592225133594,2026-09-18T06:39:21.411836+00:00,14416.51395702362
score_rejected_by_level,60,prior_day,2026-09-18T09:07:39.502883+00:00,1789722459.5028834,2513.63,60,6.9757142857142425,2413.01,2496.21,"{""prior_1h"": false, ""prior_4h"": false, ""prior_day"": false}",-0.7569274714257966,,-0.7176871695516063,0.21124827440792693,2026-09-18T13:07:58.208184+00:00,14418.705300092697
score_rejected_by_level,60,prior_day,2026-09-18T13:52:45.816611+00:00,1789739565.8166106,2573.81,61,8.82142857142854,2413.01,2508.67,"{""prior_1h"": false, ""prior_4h"": false, ""prior_day"": false}",1.0949303950174993,,-1.0101755762857434,1.3983161150201484,2026-09-18T17:53:43.295421+00:00,14457.478810548782
score_rejected_by_level,60,prior_day,2026-09-20T17:03:33.649152+00:00,1789923813.6491518,2638.86,60,11.372142857142794,2604.59,2633.38,"{""prior_1h"": false, ""prior_4h"": false, ""prior_day"": false}",-0.8627449732081204,,-0.7662399672585973,0.22509720106409503,2026-09-20T21:04:23.883190+00:00,14450.234038114548
score_rejected_by_level,60,prior_day,2026-09-20T22:12:31.519217+00:00,1789942351.5192165,2643.84,64,7.771428571428552,2604.59,2624.81,"{""prior_1h"": false, ""prior_4h"": false, ""prior_day"": false}",0.4220146453643193,,-0.4614500121036147,2.1582244008714557,2026-09-21T02:12:54.109111+00:00,14422.589894533157
score_rejected_by_level,60,prior_day,2026-09-21T02:56:28.150708+00:00,1789959388.150708,2663.81,62,15.260000000000057,2566.71,2655.61,"{""prior_1h"": false, ""prior_4h"": false, ""prior_day"": false}",-0.2221093846783283,,-0.4257060375927768,0.4561136117065434,2026-09-21T06:56:51.004231+00:00,14422.853523492813
score_rejected_by_level,60,prior_day,2026-09-21T08:11:07.359536+00:00,1789978267.3595364,2666.97,62,9.251428571428473,2566.71,2655.5,"{""prior_1h"": false, ""prior_4h"": false, ""prior_day"": false}",1.9846355977007546,,-0.032996246676930685,3.0214063150316717,2026-09-21T12:11:32.393538+00:00,14425.034002065659
score_context_available,60,prior_1h,2026-09-08T16:40:11.020059+00:00,1788885611.0200593,2501.94,62,9.942142857142796,2481.54,2489.41,"{""prior_1h"": false, ""prior_4h"": false, ""prior_day"": null}",-0.8930001518821417,,-1.0355963772112786,0.10431904841843309,2026-09-08T20:40:18.148365+00:00,14407.128305912018
score_context_available,60,prior_1h,2026-09-09T00:54:36.396693+00:00,1788915276.3966925,2495.34,62,4.344285714285628,2482.8,2488.27,"{""prior_1h"": false, ""prior_4h"": false, ""prior_day"": null}",0.442248030328516,,-0.38632010066765865,0.5870943438569309,2026-09-09T04:54:51.994560+00:00,14415.597867488861
score_context_available,60,prior_1h,2026-09-09T05:19:39.962744+00:00,1788931179.9627445,2507.51,62,5.618571428571483,2493.51,2502.86,"{""prior_1h"": false, ""prior_4h"": false, ""prior_day"": null}",-0.04063840223968096,,-0.6811538139429252,0.5308054603969659,2026-09-09T09:19:51.372620+00:00,14411.409875869751
score_context_available,60,prior_1h,2026-09-10T02:45:57.269069+00:00,1789008357.2690692,2470.35,62,5.902857142857134,2454.66,2461.4,"{""prior_1h"": false, ""prior_4h"": false, ""prior_day"": false}",0.06054121885562325,,0.0,0.523407614305671,2026-09-10T06:46:09.558045+00:00,14412.288975477219
score_context_available,60,prior_1h,2026-09-11T05:42:48.221410+00:00,1789105368.2214098,2461.87,62,5.3321428571428635,2455.82,2457.49,"{""prior_1h"": false, ""prior_4h"": false, ""prior_day"": false}",-0.07044417455023477,,0.0,0.8233578539890374,2026-09-11T09:43:14.226768+00:00,14426.005358695984
score_context_available,60,prior_1h,2026-09-12T08:45:19.536336+00:00,1789202719.536336,2531.26,60,3.0478571428570507,2521.17,2526.76,"{""prior_1h"": false, ""prior_4h"": false, ""prior_day"": false}",-0.023605319090105215,,-0.11891311046673403,0.18607333896951683,2026-09-12T12:46:20.707490+00:00,14461.171153783798
score_context_available,60,prior_1h,2026-09-13T14:21:12.479963+00:00,1789309272.4799626,2488.07,62,5.622142857142892,2464.11,2479.77,"{""prior_1h"": false, ""prior_4h"": false, ""prior_day"": false}",0.6404287660716746,,-0.19292061718521047,0.8858271672420814,2026-09-13T18:21:37.264353+00:00,14424.784389972687
score_context_available,60,prior_1h,2026-09-18T02:39:04.897879+00:00,1789699144.897879,2465.38,62,5.108571428571362,2449.07,2457.91,"{""prior_1h"": false, ""prior_4h"": false, ""prior_day"": false}",0.651077886573246,,-0.1963186202532774,1.0513592225133594,2026-09-18T06:39:21.411836+00:00,14416.51395702362
score_context_available,60,prior_1h,2026-09-18T09:07:39.502883+00:00,1789722459.5028834,2513.63,60,6.9757142857142425,2485.28,2496.21,"{""prior_1h"": false, ""prior_4h"": false, ""prior_day"": false}",-0.7569274714257966,,-0.7176871695516063,0.21124827440792693,2026-09-18T13:07:58.208184+00:00,14418.705300092697
score_context_available,60,prior_1h,2026-09-18T13:52:45.816611+00:00,1789739565.8166106,2573.81,61,8.82142857142854,2495.59,2508.67,"{""prior_1h"": false, ""prior_4h"": false, ""prior_day"": false}",1.0949303950174993,,-1.0101755762857434,1.3983161150201484,2026-09-18T17:53:43.295421+00:00,14457.478810548782
score_context_available,60,prior_1h,2026-09-20T17:03:33.649152+00:00,1789923813.6491518,2638.86,60,11.372142857142794,2605.36,2633.38,"{""prior_1h"": false, ""prior_4h"": false, ""prior_day"": false}",-0.8627449732081204,,-0.7662399672585973,0.22509720106409503,2026-09-20T21:04:23.883190+00:00,14450.234038114548
score_context_available,60,prior_1h,2026-09-20T22:12:31.519217+00:00,1789942351.5192165,2643.84,64,7.771428571428552,2612.11,2624.81,"{""prior_1h"": false, ""prior_4h"": false, ""prior_day"": false}",0.4220146453643193,,-0.4614500121036147,2.1582244008714557,2026-09-21T02:12:54.109111+00:00,14422.589894533157
score_context_available,60,prior_1h,2026-09-21T02:56:28.150708+00:00,1789959388.150708,2663.81,62,15.260000000000057,2646.33,2655.61,"{""prior_1h"": false, ""prior_4h"": false, ""prior_day"": false}",-0.2221093846783283,,-0.4257060375927768,0.4561136117065434,2026-09-21T06:56:51.004231+00:00,14422.853523492813
score_context_available,60,prior_1h,2026-09-21T08:11:07.359536+00:00,1789978267.3595364,2666.97,62,9.251428571428473,2646.11,2655.5,"{""prior_1h"": false, ""prior_4h"": false, ""prior_day"": false}",1.9846355977007546,,-0.032996246676930685,3.0214063150316717,2026-09-21T12:11:32.393538+00:00,14425.034002065659
score_rejected_by_level,60,prior_1h,2026-09-08T16:40:11.020059+00:00,1788885611.0200593,2501.94,62,9.942142857142796,2481.54,2489.41,"{""prior_1h"": false, ""prior_4h"": false, ""prior_day"": null}",-0.8930001518821417,,-1.0355963772112786,0.10431904841843309,2026-09-08T20:40:18.148365+00:00,14407.128305912018
score_rejected_by_level,60,prior_1h,2026-09-09T00:54:36.396693+00:00,1788915276.3966925,2495.34,62,4.344285714285628,2482.8,2488.27,"{""prior_1h"": false, ""prior_4h"": false, ""prior_day"": null}",0.442248030328516,,-0.38632010066765865,0.5870943438569309,2026-09-09T04:54:51.994560+00:00,14415.597867488861
score_rejected_by_level,60,prior_1h,2026-09-09T05:19:39.962744+00:00,1788931179.9627445,2507.51,62,5.618571428571483,2493.51,2502.86,"{""prior_1h"": false, ""prior_4h"": false, ""prior_day"": null}",-0.04063840223968096,,-0.6811538139429252,0.5308054603969659,2026-09-09T09:19:51.372620+00:00,14411.409875869751
score_rejected_by_level,60,prior_1h,2026-09-10T02:45:57.269069+00:00,1789008357.2690692,2470.35,62,5.902857142857134,2454.66,2461.4,"{""prior_1h"": false, ""prior_4h"": false, ""prior_day"": false}",0.06054121885562325,,0.0,0.523407614305671,2026-09-10T06:46:09.558045+00:00,14412.288975477219
score_rejected_by_level,60,prior_1h,2026-09-11T05:42:48.221410+00:00,1789105368.2214098,2461.87,62,5.3321428571428635,2455.82,2457.49,"{""prior_1h"": false, ""prior_4h"": false, ""prior_day"": false}",-0.07044417455023477,,0.0,0.8233578539890374,2026-09-11T09:43:14.226768+00:00,14426.005358695984
score_rejected_by_level,60,prior_1h,2026-09-12T08:45:19.536336+00:00,1789202719.536336,2531.26,60,3.0478571428570507,2521.17,2526.76,"{""prior_1h"": false, ""prior_4h"": false, ""prior_day"": false}",-0.023605319090105215,,-0.11891311046673403,0.18607333896951683,2026-09-12T12:46:20.707490+00:00,14461.171153783798
score_rejected_by_level,60,prior_1h,2026-09-13T14:21:12.479963+00:00,1789309272.4799626,2488.07,62,5.622142857142892,2464.11,2479.77,"{""prior_1h"": false, ""prior_4h"": false, ""prior_day"": false}",0.6404287660716746,,-0.19292061718521047,0.8858271672420814,2026-09-13T18:21:37.264353+00:00,14424.784389972687
score_rejected_by_level,60,prior_1h,2026-09-18T02:39:04.897879+00:00,1789699144.897879,2465.38,62,5.108571428571362,2449.07,2457.91,"{""prior_1h"": false, ""prior_4h"": false, ""prior_day"": false}",0.651077886573246,,-0.1963186202532774,1.0513592225133594,2026-09-18T06:39:21.411836+00:00,14416.51395702362
score_rejected_by_level,60,prior_1h,2026-09-18T09:07:39.502883+00:00,1789722459.5028834,2513.63,60,6.9757142857142425,2485.28,2496.21,"{""prior_1h"": false, ""prior_4h"": false, ""prior_day"": false}",-0.7569274714257966,,-0.7176871695516063,0.21124827440792693,2026-09-18T13:07:58.208184+00:00,14418.705300092697
score_rejected_by_level,60,prior_1h,2026-09-18T13:52:45.816611+00:00,1789739565.8166106,2573.81,61,8.82142857142854,2495.59,2508.67,"{""prior_1h"": false, ""prior_4h"": false, ""prior_day"": false}",1.0949303950174993,,-1.0101755762857434,1.3983161150201484,2026-09-18T17:53:43.295421+00:00,14457.478810548782
score_rejected_by_level,60,prior_1h,2026-09-20T17:03:33.649152+00:00,1789923813.6491518,2638.86,60,11.372142857142794,2605.36,2633.38,"{""prior_1h"": false, ""prior_4h"": false, ""prior_day"": false}",-0.8627449732081204,,-0.7662399672585973,0.22509720106409503,2026-09-20T21:04:23.883190+00:00,14450.234038114548
score_rejected_by_level,60,prior_1h,2026-09-20T22:12:31.519217+00:00,1789942351.5192165,2643.84,64,7.771428571428552,2612.11,2624.81,"{""prior_1h"": false, ""prior_4h"": false, ""prior_day"": false}",0.4220146453643193,,-0.4614500121036147,2.1582244008714557,2026-09-21T02:12:54.109111+00:00,14422.589894533157
score_rejected_by_level,60,prior_1h,2026-09-21T02:56:28.150708+00:00,1789959388.150708,2663.81,62,15.260000000000057,2646.33,2655.61,"{""prior_1h"": false, ""prior_4h"": false, ""prior_day"": false}",-0.2221093846783283,,-0.4257060375927768,0.4561136117065434,2026-09-21T06:56:51.004231+00:00,14422.853523492813
score_rejected_by_level,60,prior_1h,2026-09-21T08:11:07.359536+00:00,1789978267.3595364,2666.97,62,9.251428571428473,2646.11,2655.5,"{""prior_1h"": false, ""prior_4h"": false, ""prior_day"": false}",1.9846355977007546,,-0.032996246676930685,3.0214063150316717,2026-09-21T12:11:32.393538+00:00,14425.034002065659
score_context_available,60,prior_4h,2026-09-08T16:40:11.020059+00:00,1788885611.0200593,2501.94,62,9.942142857142796,2440.91,2489.41,"{""prior_1h"": false, ""prior_4h"": false, ""prior_day"": null}",-0.8930001518821417,,-1.0355963772112786,0.10431904841843309,2026-09-08T20:40:18.148365+00:00,14407.128305912018
score_context_available,60,prior_4h,2026-09-09T00:54:36.396693+00:00,1788915276.3966925,2495.34,62,4.344285714285628,2477.84,2488.27,"{""prior_1h"": false, ""prior_4h"": false, ""prior_day"": null}",0.442248030328516,,-0.38632010066765865,0.5870943438569309,2026-09-09T04:54:51.994560+00:00,14415.597867488861
score_context_available,60,prior_4h,2026-09-09T05:19:39.962744+00:00,1788931179.9627445,2507.51,62,5.618571428571483,2485.7,2502.86,"{""prior_1h"": false, ""prior_4h"": false, ""prior_day"": null}",-0.04063840223968096,,-0.6811538139429252,0.5308054603969659,2026-09-09T09:19:51.372620+00:00,14411.409875869751
score_context_available,60,prior_4h,2026-09-10T02:45:57.269069+00:00,1789008357.2690692,2470.35,62,5.902857142857134,2449.21,2461.4,"{""prior_1h"": false, ""prior_4h"": false, ""prior_day"": false}",0.06054121885562325,,0.0,0.523407614305671,2026-09-10T06:46:09.558045+00:00,14412.288975477219
score_context_available,60,prior_4h,2026-09-11T05:42:48.221410+00:00,1789105368.2214098,2461.87,62,5.3321428571428635,2439.94,2457.49,"{""prior_1h"": false, ""prior_4h"": false, ""prior_day"": false}",-0.07044417455023477,,0.0,0.8233578539890374,2026-09-11T09:43:14.226768+00:00,14426.005358695984
score_context_available,60,prior_4h,2026-09-12T08:45:19.536336+00:00,1789202719.536336,2531.26,60,3.0478571428570507,2508.65,2526.76,"{""prior_1h"": false, ""prior_4h"": false, ""prior_day"": false}",-0.023605319090105215,,-0.11891311046673403,0.18607333896951683,2026-09-12T12:46:20.707490+00:00,14461.171153783798
score_context_available,60,prior_4h,2026-09-13T14:21:12.479963+00:00,1789309272.4799626,2488.07,62,5.622142857142892,2464.11,2479.77,"{""prior_1h"": false, ""prior_4h"": false, ""prior_day"": false}",0.6404287660716746,,-0.19292061718521047,0.8858271672420814,2026-09-13T18:21:37.264353+00:00,14424.784389972687
score_context_available,60,prior_4h,2026-09-18T02:39:04.897879+00:00,1789699144.897879,2465.38,62,5.108571428571362,2437.01,2457.91,"{""prior_1h"": false, ""prior_4h"": false, ""prior_day"": false}",0.651077886573246,,-0.1963186202532774,1.0513592225133594,2026-09-18T06:39:21.411836+00:00,14416.51395702362
score_context_available,60,prior_4h,2026-09-18T09:07:39.502883+00:00,1789722459.5028834,2513.63,60,6.9757142857142425,2475.94,2496.21,"{""prior_1h"": false, ""prior_4h"": false, ""prior_day"": false}",-0.7569274714257966,,-0.7176871695516063,0.21124827440792693,2026-09-18T13:07:58.208184+00:00,14418.705300092697
score_context_available,60,prior_4h,2026-09-18T13:52:45.816611+00:00,1789739565.8166106,2573.81,61,8.82142857142854,2495.59,2508.67,"{""prior_1h"": false, ""prior_4h"": false, ""prior_day"": false}",1.0949303950174993,,-1.0101755762857434,1.3983161150201484,2026-09-18T17:53:43.295421+00:00,14457.478810548782
score_context_available,60,prior_4h,2026-09-20T17:03:33.649152+00:00,1789923813.6491518,2638.86,60,11.372142857142794,2574.6,2633.38,"{""prior_1h"": false, ""prior_4h"": false, ""prior_day"": false}",-0.8627449732081204,,-0.7662399672585973,0.22509720106409503,2026-09-20T21:04:23.883190+00:00,14450.234038114548
score_context_available,60,prior_4h,2026-09-20T22:12:31.519217+00:00,1789942351.5192165,2643.84,64,7.771428571428552,2612.11,2624.81,"{""prior_1h"": false, ""prior_4h"": false, ""prior_day"": false}",0.4220146453643193,,-0.4614500121036147,2.1582244008714557,2026-09-21T02:12:54.109111+00:00,14422.589894533157
score_context_available,60,prior_4h,2026-09-21T02:56:28.150708+00:00,1789959388.150708,2663.81,62,15.260000000000057,2631.64,2655.61,"{""prior_1h"": false, ""prior_4h"": false, ""prior_day"": false}",-0.2221093846783283,,-0.4257060375927768,0.4561136117065434,2026-09-21T06:56:51.004231+00:00,14422.853523492813
score_context_available,60,prior_4h,2026-09-21T08:11:07.359536+00:00,1789978267.3595364,2666.97,62,9.251428571428473,2646.11,2655.5,"{""prior_1h"": false, ""prior_4h"": false, ""prior_day"": false}",1.9846355977007546,,-0.032996246676930685,3.0214063150316717,2026-09-21T12:11:32.393538+00:00,14425.034002065659
score_rejected_by_level,60,prior_4h,2026-09-08T16:40:11.020059+00:00,1788885611.0200593,2501.94,62,9.942142857142796,2440.91,2489.41,"{""prior_1h"": false, ""prior_4h"": false, ""prior_day"": null}",-0.8930001518821417,,-1.0355963772112786,0.10431904841843309,2026-09-08T20:40:18.148365+00:00,14407.128305912018
score_rejected_by_level,60,prior_4h,2026-09-09T00:54:36.396693+00:00,1788915276.3966925,2495.34,62,4.344285714285628,2477.84,2488.27,"{""prior_1h"": false, ""prior_4h"": false, ""prior_day"": null}",0.442248030328516,,-0.38632010066765865,0.5870943438569309,2026-09-09T04:54:51.994560+00:00,14415.597867488861
score_rejected_by_level,60,prior_4h,2026-09-09T05:19:39.962744+00:00,1788931179.9627445,2507.51,62,5.618571428571483,2485.7,2502.86,"{""prior_1h"": false, ""prior_4h"": false, ""prior_day"": null}",-0.04063840223968096,,-0.6811538139429252,0.5308054603969659,2026-09-09T09:19:51.372620+00:00,14411.409875869751
score_rejected_by_level,60,prior_4h,2026-09-10T02:45:57.269069+00:00,1789008357.2690692,2470.35,62,5.902857142857134,2449.21,2461.4,"{""prior_1h"": false, ""prior_4h"": false, ""prior_day"": false}",0.06054121885562325,,0.0,0.523407614305671,2026-09-10T06:46:09.558045+00:00,14412.288975477219
score_rejected_by_level,60,prior_4h,2026-09-11T05:42:48.221410+00:00,1789105368.2214098,2461.87,62,5.3321428571428635,2439.94,2457.49,"{""prior_1h"": false, ""prior_4h"": false, ""prior_day"": false}",-0.07044417455023477,,0.0,0.8233578539890374,2026-09-11T09:43:14.226768+00:00,14426.005358695984
score_rejected_by_level,60,prior_4h,2026-09-12T08:45:19.536336+00:00,1789202719.536336,2531.26,60,3.0478571428570507,2508.65,2526.76,"{""prior_1h"": false, ""prior_4h"": false, ""prior_day"": false}",-0.023605319090105215,,-0.11891311046673403,0.18607333896951683,2026-09-12T12:46:20.707490+00:00,14461.171153783798
score_rejected_by_level,60,prior_4h,2026-09-13T14:21:12.479963+00:00,1789309272.4799626,2488.07,62,5.622142857142892,2464.11,2479.77,"{""prior_1h"": false, ""prior_4h"": false, ""prior_day"": false}",0.6404287660716746,,-0.19292061718521047,0.8858271672420814,2026-09-13T18:21:37.264353+00:00,14424.784389972687
score_rejected_by_level,60,prior_4h,2026-09-18T02:39:04.897879+00:00,1789699144.897879,2465.38,62,5.108571428571362,2437.01,2457.91,"{""prior_1h"": false, ""prior_4h"": false, ""prior_day"": false}",0.651077886573246,,-0.1963186202532774,1.0513592225133594,2026-09-18T06:39:21.411836+00:00,14416.51395702362
score_rejected_by_level,60,prior_4h,2026-09-18T09:07:39.502883+00:00,1789722459.5028834,2513.63,60,6.9757142857142425,2475.94,2496.21,"{""prior_1h"": false, ""prior_4h"": false, ""prior_day"": false}",-0.7569274714257966,,-0.7176871695516063,0.21124827440792693,2026-09-18T13:07:58.208184+00:00,14418.705300092697
score_rejected_by_level,60,prior_4h,2026-09-18T13:52:45.816611+00:00,1789739565.8166106,2573.81,61,8.82142857142854,2495.59,2508.67,"{""prior_1h"": false, ""prior_4h"": false, ""prior_day"": false}",1.0949303950174993,,-1.0101755762857434,1.3983161150201484,2026-09-18T17:53:43.295421+00:00,14457.478810548782
score_rejected_by_level,60,prior_4h,2026-09-20T17:03:33.649152+00:00,1789923813.6491518,2638.86,60,11.372142857142794,2574.6,2633.38,"{""prior_1h"": false, ""prior_4h"": false, ""prior_day"": false}",-0.8627449732081204,,-0.7662399672585973,0.22509720106409503,2026-09-20T21:04:23.883190+00:00,14450.234038114548
score_rejected_by_level,60,prior_4h,2026-09-20T22:12:31.519217+00:00,1789942351.5192165,2643.84,64,7.771428571428552,2612.11,2624.81,"{""prior_1h"": false, ""prior_4h"": false, ""prior_day"": false}",0.4220146453643193,,-0.4614500121036147,2.1582244008714557,2026-09-21T02:12:54.109111+00:00,14422.589894533157
score_rejected_by_level,60,prior_4h,2026-09-21T02:56:28.150708+00:00,1789959388.150708,2663.81,62,15.260000000000057,2631.64,2655.61,"{""prior_1h"": false, ""prior_4h"": false, ""prior_day"": false}",-0.2221093846783283,,-0.4257060375927768,0.4561136117065434,2026-09-21T06:56:51.004231+00:00,14422.853523492813
score_rejected_by_level,60,prior_4h,2026-09-21T08:11:07.359536+00:00,1789978267.3595364,2666.97,62,9.251428571428473,2646.11,2655.5,"{""prior_1h"": false, ""prior_4h"": false, ""prior_day"": false}",1.9846355977007546,,-0.032996246676930685,3.0214063150316717,2026-09-21T12:11:32.393538+00:00,14425.034002065659
score_context_available,60,any,2026-09-10T02:45:57.269069+00:00,1789008357.2690692,2470.35,62,5.902857142857134,,2461.4,"{""prior_1h"": false, ""prior_4h"": false, ""prior_day"": false}",0.06054121885562325,,0.0,0.523407614305671,2026-09-10T06:46:09.558045+00:00,14412.288975477219
score_context_available,60,any,2026-09-11T05:42:48.221410+00:00,1789105368.2214098,2461.87,62,5.3321428571428635,,2457.49,"{""prior_1h"": false, ""prior_4h"": false, ""prior_day"": false}",-0.07044417455023477,,0.0,0.8233578539890374,2026-09-11T09:43:14.226768+00:00,14426.005358695984
score_context_available,60,any,2026-09-12T08:45:19.536336+00:00,1789202719.536336,2531.26,60,3.0478571428570507,,2526.76,"{""prior_1h"": false, ""prior_4h"": false, ""prior_day"": false}",-0.023605319090105215,,-0.11891311046673403,0.18607333896951683,2026-09-12T12:46:20.707490+00:00,14461.171153783798
score_context_available,60,any,2026-09-13T14:21:12.479963+00:00,1789309272.4799626,2488.07,62,5.622142857142892,,2479.77,"{""prior_1h"": false, ""prior_4h"": false, ""prior_day"": false}",0.6404287660716746,,-0.19292061718521047,0.8858271672420814,2026-09-13T18:21:37.264353+00:00,14424.784389972687
score_context_available,60,any,2026-09-18T02:39:04.897879+00:00,1789699144.897879,2465.38,62,5.108571428571362,,2457.91,"{""prior_1h"": false, ""prior_4h"": false, ""prior_day"": false}",0.651077886573246,,-0.1963186202532774,1.0513592225133594,2026-09-18T06:39:21.411836+00:00,14416.51395702362
score_context_available,60,any,2026-09-18T09:07:39.502883+00:00,1789722459.5028834,2513.63,60,6.9757142857142425,,2496.21,"{""prior_1h"": false, ""prior_4h"": false, ""prior_day"": false}",-0.7569274714257966,,-0.7176871695516063,0.21124827440792693,2026-09-18T13:07:58.208184+00:00,14418.705300092697
score_context_available,60,any,2026-09-18T13:52:45.816611+00:00,1789739565.8166106,2573.81,61,8.82142857142854,,2508.67,"{""prior_1h"": false, ""prior_4h"": false, ""prior_day"": false}",1.0949303950174993,,-1.0101755762857434,1.3983161150201484,2026-09-18T17:53:43.295421+00:00,14457.478810548782
score_context_available,60,any,2026-09-20T17:03:33.649152+00:00,1789923813.6491518,2638.86,60,11.372142857142794,,2633.38,"{""prior_1h"": false, ""prior_4h"": false, ""prior_day"": false}",-0.8627449732081204,,-0.7662399672585973,0.22509720106409503,2026-09-20T21:04:23.883190+00:00,14450.234038114548
score_context_available,60,any,2026-09-20T22:12:31.519217+00:00,1789942351.5192165,2643.84,64,7.771428571428552,,2624.81,"{""prior_1h"": false, ""prior_4h"": false, ""prior_day"": false}",0.4220146453643193,,-0.4614500121036147,2.1582244008714557,2026-09-21T02:12:54.109111+00:00,14422.589894533157
score_context_available,60,any,2026-09-21T02:56:28.150708+00:00,1789959388.150708,2663.81,62,15.260000000000057,,2655.61,"{""prior_1h"": false, ""prior_4h"": false, ""prior_day"": false}",-0.2221093846783283,,-0.4257060375927768,0.4561136117065434,2026-09-21T06:56:51.004231+00:00,14422.853523492813
score_context_available,60,any,2026-09-21T08:11:07.359536+00:00,1789978267.3595364,2666.97,62,9.251428571428473,,2655.5,"{""prior_1h"": false, ""prior_4h"": false, ""prior_day"": false}",1.9846355977007546,,-0.032996246676930685,3.0214063150316717,2026-09-21T12:11:32.393538+00:00,14425.034002065659
score_rejected_by_level,60,any,2026-09-10T02:45:57.269069+00:00,1789008357.2690692,2470.35,62,5.902857142857134,,2461.4,"{""prior_1h"": false, ""prior_4h"": false, ""prior_day"": false}",0.06054121885562325,,0.0,0.523407614305671,2026-09-10T06:46:09.558045+00:00,14412.288975477219
score_rejected_by_level,60,any,2026-09-11T05:42:48.221410+00:00,1789105368.2214098,2461.87,62,5.3321428571428635,,2457.49,"{""prior_1h"": false, ""prior_4h"": false, ""prior_day"": false}",-0.07044417455023477,,0.0,0.8233578539890374,2026-09-11T09:43:14.226768+00:00,14426.005358695984
score_rejected_by_level,60,any,2026-09-12T08:45:19.536336+00:00,1789202719.536336,2531.26,60,3.0478571428570507,,2526.76,"{""prior_1h"": false, ""prior_4h"": false, ""prior_day"": false}",-0.023605319090105215,,-0.11891311046673403,0.18607333896951683,2026-09-12T12:46:20.707490+00:00,14461.171153783798
score_rejected_by_level,60,any,2026-09-13T14:21:12.479963+00:00,1789309272.4799626,2488.07,62,5.622142857142892,,2479.77,"{""prior_1h"": false, ""prior_4h"": false, ""prior_day"": false}",0.6404287660716746,,-0.19292061718521047,0.8858271672420814,2026-09-13T18:21:37.264353+00:00,14424.784389972687
score_rejected_by_level,60,any,2026-09-18T02:39:04.897879+00:00,1789699144.897879,2465.38,62,5.108571428571362,,2457.91,"{""prior_1h"": false, ""prior_4h"": false, ""prior_day"": false}",0.651077886573246,,-0.1963186202532774,1.0513592225133594,2026-09-18T06:39:21.411836+00:00,14416.51395702362
score_rejected_by_level,60,any,2026-09-18T09:07:39.502883+00:00,1789722459.5028834,2513.63,60,6.9757142857142425,,2496.21,"{""prior_1h"": false, ""prior_4h"": false, ""prior_day"": false}",-0.7569274714257966,,-0.7176871695516063,0.21124827440792693,2026-09-18T13:07:58.208184+00:00,14418.705300092697
score_rejected_by_level,60,any,2026-09-18T13:52:45.816611+00:00,1789739565.8166106,2573.81,61,8.82142857142854,,2508.67,"{""prior_1h"": false, ""prior_4h"": false, ""prior_day"": false}",1.0949303950174993,,-1.0101755762857434,1.3983161150201484,2026-09-18T17:53:43.295421+00:00,14457.478810548782
score_rejected_by_level,60,any,2026-09-20T17:03:33.649152+00:00,1789923813.6491518,2638.86,60,11.372142857142794,,2633.38,"{""prior_1h"": false, ""prior_4h"": false, ""prior_day"": false}",-0.8627449732081204,,-0.7662399672585973,0.22509720106409503,2026-09-20T21:04:23.883190+00:00,14450.234038114548
score_rejected_by_level,60,any,2026-09-20T22:12:31.519217+00:00,1789942351.5192165,2643.84,64,7.771428571428552,,2624.81,"{""prior_1h"": false, ""prior_4h"": false, ""prior_day"": false}",0.4220146453643193,,-0.4614500121036147,2.1582244008714557,2026-09-21T02:12:54.109111+00:00,14422.589894533157
score_rejected_by_level,60,any,2026-09-21T02:56:28.150708+00:00,1789959388.150708,2663.81,62,15.260000000000057,,2655.61,"{""prior_1h"": false, ""prior_4h"": false, ""prior_day"": false}",-0.2221093846783283,,-0.4257060375927768,0.4561136117065434,2026-09-21T06:56:51.004231+00:00,14422.853523492813
score_rejected_by_level,60,any,2026-09-21T08:11:07.359536+00:00,1789978267.3595364,2666.97,62,9.251428571428473,,2655.5,"{""prior_1h"": false, ""prior_4h"": false, ""prior_day"": false}",1.9846355977007546,,-0.032996246676930685,3.0214063150316717,2026-09-21T12:11:32.393538+00:00,14425.034002065659
price_level_only,,prior_day,2026-09-10T17:03:33.079781+00:00,1789059813.0797806,2446.39,44,8.304999999999966,2442.51,2442.91,"{""prior_1h"": false, ""prior_4h"": false, ""prior_day"": true}",0.4273370967016944,,0.0,1.0374470137631375,2026-09-10T21:04:21.954840+00:00,14448.875059127808
price_level_only,,prior_day,2026-09-13T18:58:28.247381+00:00,1789325908.247381,2508.5,46,4.18999999999999,2508.12,2507.62,"{""prior_1h"": false, ""prior_4h"": false, ""prior_day"": true}",-1.5084791708192125,,-1.4319314331273647,0.27267291209887023,2026-09-13T22:59:10.562464+00:00,14442.315083503723
price_level_only,,prior_1h,2026-09-09T02:22:13.894429+00:00,1788920533.8944287,2490.38,18,4.7242857142856725,2488.62,2488.94,"{""prior_1h"": true, ""prior_4h"": false, ""prior_day"": null}",0.34258000787029463,,-0.18792312819732038,0.7874300307583404,2026-09-09T06:22:42.423752+00:00,14428.52932357788
price_level_only,,prior_1h,2026-09-18T04:39:00.826828+00:00,1789706340.826828,2472.59,48,7.069285714285635,2469.09,2469.32,"{""prior_1h"": true, ""prior_4h"": false, ""prior_day"": false}",0.7414448816827602,,-0.10110855418812292,1.2513194666321503,2026-09-18T08:40:03.848251+00:00,14463.021422624588
price_level_only,,prior_1h,2026-09-18T12:29:43.036960+00:00,1789734583.03696,2503.91,44,8.107142857142792,2500.2,2500.17,"{""prior_1h"": true, ""prior_4h"": false, ""prior_day"": false}",3.717198621356186,,-0.33228031358953913,3.841591750502227,2026-09-18T16:30:46.295427+00:00,14463.258466959
price_level_only,,prior_1h,2026-09-19T11:08:26.303588+00:00,1789816106.303588,2641.53,31,8.478571428571481,2637.97,2637.31,"{""prior_1h"": true, ""prior_4h"": false, ""prior_day"": false}",-0.10220728138618174,,-0.48418908738497857,0.055270998247203273,2026-09-19T15:09:20.310403+00:00,14454.006815195084
price_level_only,,prior_1h,2026-09-20T18:56:40.798372+00:00,1789930600.7983716,2625.65,36,13.244999999999957,2621.7,2621.47,"{""prior_1h"": true, ""prior_4h"": false, ""prior_day"": false}",0.4170098832669923,,-0.5156818311656153,0.7114428808104645,2026-09-20T22:57:37.886463+00:00,14457.088091611862
price_level_only,,any,2026-09-09T02:22:13.894429+00:00,1788920533.8944287,2490.38,18,4.7242857142856725,,2488.94,"{""prior_1h"": true, ""prior_4h"": false, ""prior_day"": null}",0.34258000787029463,,-0.18792312819732038,0.7874300307583404,2026-09-09T06:22:42.423752+00:00,14428.52932357788
price_level_only,,any,2026-09-10T17:03:33.079781+00:00,1789059813.0797806,2446.39,44,8.304999999999966,,2442.91,"{""prior_1h"": false, ""prior_4h"": false, ""prior_day"": true}",0.4273370967016944,,0.0,1.0374470137631375,2026-09-10T21:04:21.954840+00:00,14448.875059127808
price_level_only,,any,2026-09-13T18:58:28.247381+00:00,1789325908.247381,2508.5,46,4.18999999999999,,2507.62,"{""prior_1h"": false, ""prior_4h"": false, ""prior_day"": true}",-1.5084791708192125,,-1.4319314331273647,0.27267291209887023,2026-09-13T22:59:10.562464+00:00,14442.315083503723
price_level_only,,any,2026-09-18T04:39:00.826828+00:00,1789706340.826828,2472.59,48,7.069285714285635,,2469.32,"{""prior_1h"": true, ""prior_4h"": false, ""prior_day"": false}",0.7414448816827602,,-0.10110855418812292,1.2513194666321503,2026-09-18T08:40:03.848251+00:00,14463.021422624588
price_level_only,,any,2026-09-18T12:29:43.036960+00:00,1789734583.03696,2503.91,44,8.107142857142792,,2500.17,"{""prior_1h"": true, ""prior_4h"": false, ""prior_day"": false}",3.717198621356186,,-0.33228031358953913,3.841591750502227,2026-09-18T16:30:46.295427+00:00,14463.258466959
price_level_only,,any,2026-09-19T11:08:26.303588+00:00,1789816106.303588,2641.53,31,8.478571428571481,,2637.31,"{""prior_1h"": true, ""prior_4h"": false, ""prior_day"": false}",-0.10220728138618174,,-0.48418908738497857,0.055270998247203273,2026-09-19T15:09:20.310403+00:00,14454.006815195084
price_level_only,,any,2026-09-20T18:56:40.798372+00:00,1789930600.7983716,2625.65,36,13.244999999999957,,2621.47,"{""prior_1h"": true, ""prior_4h"": false, ""prior_day"": false}",0.4170098832669923,,-0.5156818311656153,0.7114428808104645,2026-09-20T22:57:37.886463+00:00,14457.088091611862
